cell,model,task,problem_id,n_failed_rollouts,spread,concentration,logit_dispersion,retry,sparse_steer,sparse_steer_random,local_temp,dense_steer
grpo1p7b|cruxeval,grpo1p7b,cruxeval,sample_0,20,0.160693,2.095103,-0.8639,0.272727,0.727273,0.363636,0.363636,0.45
grpo1p7b|cruxeval,grpo1p7b,cruxeval,sample_100,11,0.17913,2.153857,-0.820917,0.4,0.3,0.4,0.2,0.65
grpo1p7b|cruxeval,grpo1p7b,cruxeval,sample_101,8,0.161218,2.041653,-1.000595,0.5,1.0,0.75,1.0,1.0
grpo1p7b|cruxeval,grpo1p7b,cruxeval,sample_104,19,0.177091,1.93427,-1.187544,0.727273,0.818182,0.818182,0.727273,0.85
grpo1p7b|cruxeval,grpo1p7b,cruxeval,sample_109,31,0.171607,2.025847,-1.209597,0.181818,0.454545,0.363636,0.090909,0.65
grpo1p7b|cruxeval,grpo1p7b,cruxeval,sample_11,12,0.205207,1.888001,-0.958058,1.0,1.0,0.8,1.0,1.0
grpo1p7b|cruxeval,grpo1p7b,cruxeval,sample_111,18,0.135183,2.116121,-0.920464,0.636364,0.909091,1.0,1.0,1.0
grpo1p7b|cruxeval,grpo1p7b,cruxeval,sample_116,13,0.196446,1.850982,-0.929604,0.8,0.9,0.6,0.6,0.6
grpo1p7b|cruxeval,grpo1p7b,cruxeval,sample_117,7,0.175409,1.850338,-0.967851,0.0,0.0,0.0,0.0,0.0
grpo1p7b|cruxeval,grpo1p7b,cruxeval,sample_120,2,0.236875,1.782575,-1.096817,0.5,1.0,1.0,1.0,1.0
grpo1p7b|cruxeval,grpo1p7b,cruxeval,sample_121,48,0.169162,2.090759,-0.872018,0.833333,0.916667,1.0,1.0,0.9
grpo1p7b|cruxeval,grpo1p7b,cruxeval,sample_123,30,0.183821,1.991597,-0.75776,0.454545,0.454545,0.454545,0.363636,0.7
grpo1p7b|cruxeval,grpo1p7b,cruxeval,sample_13,25,0.180651,1.955409,-0.796023,0.090909,0.545455,0.636364,0.363636,0.45
grpo1p7b|cruxeval,grpo1p7b,cruxeval,sample_133,37,0.118692,2.153768,-0.950248,0.666667,0.75,0.666667,0.666667,0.6
grpo1p7b|cruxeval,grpo1p7b,cruxeval,sample_139,31,0.172958,2.111899,-0.878483,0.272727,0.272727,0.363636,0.545455,0.15
grpo1p7b|cruxeval,grpo1p7b,cruxeval,sample_141,15,0.123013,2.202756,-0.797048,0.7,0.8,0.6,0.6,0.55
grpo1p7b|cruxeval,grpo1p7b,cruxeval,sample_146,44,0.146195,2.065609,-0.888394,0.416667,0.666667,0.666667,0.583333,1.0
grpo1p7b|cruxeval,grpo1p7b,cruxeval,sample_150,17,0.144096,2.346212,-0.994724,0.545455,0.636364,0.454545,0.545455,0.2
grpo1p7b|cruxeval,grpo1p7b,cruxeval,sample_160,20,0.187166,2.061704,-0.834515,0.545455,0.545455,0.545455,0.181818,0.75
grpo1p7b|cruxeval,grpo1p7b,cruxeval,sample_164,12,0.119676,1.963536,-0.807951,0.6,0.7,0.9,0.9,0.5
grpo1p7b|cruxeval,grpo1p7b,cruxeval,sample_166,4,0.218654,1.782681,-0.93387,1.0,1.0,1.0,0.75,1.0
grpo1p7b|cruxeval,grpo1p7b,cruxeval,sample_179,28,0.12378,2.173432,-0.941676,0.090909,0.181818,0.272727,0.363636,0.25
grpo1p7b|cruxeval,grpo1p7b,cruxeval,sample_18,24,0.174383,2.05907,-0.871405,0.272727,0.454545,0.363636,0.545455,0.75
grpo1p7b|cruxeval,grpo1p7b,cruxeval,sample_186,47,0.191612,1.914343,-0.908101,0.916667,0.916667,0.75,1.0,1.0
grpo1p7b|cruxeval,grpo1p7b,cruxeval,sample_187,20,0.188238,2.016485,-0.888786,0.818182,1.0,1.0,0.909091,1.0
grpo1p7b|cruxeval,grpo1p7b,cruxeval,sample_190,49,0.143849,2.219876,-0.872123,0.0,0.25,0.0,0.0,0.35
grpo1p7b|cruxeval,grpo1p7b,cruxeval,sample_192,30,0.216004,2.055429,-0.799807,0.545455,0.454545,0.363636,0.363636,0.55
grpo1p7b|cruxeval,grpo1p7b,cruxeval,sample_195,39,0.164104,2.116082,-0.725701,0.0,0.083333,0.166667,0.0,0.15
grpo1p7b|cruxeval,grpo1p7b,cruxeval,sample_197,41,0.118504,2.144257,-0.923555,0.666667,0.5,0.333333,0.416667,0.6
grpo1p7b|cruxeval,grpo1p7b,cruxeval,sample_198,44,0.20405,2.098959,-0.831815,0.0,0.0,0.0,0.0,0.0
grpo1p7b|cruxeval,grpo1p7b,cruxeval,sample_20,24,0.18094,1.974513,-0.868511,0.363636,0.545455,0.909091,0.818182,0.7
grpo1p7b|cruxeval,grpo1p7b,cruxeval,sample_203,7,0.207477,1.901911,-0.90406,1.0,0.857143,1.0,0.857143,1.0
grpo1p7b|cruxeval,grpo1p7b,cruxeval,sample_204,4,0.200726,1.950595,-0.784022,1.0,1.0,1.0,0.75,1.0
grpo1p7b|cruxeval,grpo1p7b,cruxeval,sample_207,26,0.200951,1.910463,-0.995128,0.545455,0.636364,0.363636,0.363636,0.0
grpo1p7b|cruxeval,grpo1p7b,cruxeval,sample_209,48,0.197058,1.993117,-0.806843,0.083333,0.0,0.0,0.0,0.0
grpo1p7b|cruxeval,grpo1p7b,cruxeval,sample_21,48,0.112265,2.110661,-0.973288,0.0,0.0,0.0,0.083333,0.0
grpo1p7b|cruxeval,grpo1p7b,cruxeval,sample_213,48,0.21141,1.870647,-0.867601,0.083333,0.083333,0.083333,0.166667,0.0
grpo1p7b|cruxeval,grpo1p7b,cruxeval,sample_22,42,0.238885,1.876623,-0.681416,0.083333,0.166667,0.0,0.0,0.0
grpo1p7b|cruxeval,grpo1p7b,cruxeval,sample_229,38,0.151686,2.163701,-0.792716,0.0,0.083333,0.0,0.083333,0.0
grpo1p7b|cruxeval,grpo1p7b,cruxeval,sample_238,48,0.166099,2.018499,-0.925044,0.0,0.0,0.083333,0.0,0.05
grpo1p7b|cruxeval,grpo1p7b,cruxeval,sample_239,50,0.197204,2.109447,-0.800481,0.0,0.0,0.0,0.0,0.0
grpo1p7b|cruxeval,grpo1p7b,cruxeval,sample_24,47,0.112588,2.085684,-0.891327,0.083333,0.0,0.083333,0.0,0.0
grpo1p7b|cruxeval,grpo1p7b,cruxeval,sample_243,2,0.194396,1.913766,-2.119762,1.0,1.0,1.0,0.5,1.0
grpo1p7b|cruxeval,grpo1p7b,cruxeval,sample_244,50,0.197736,1.941734,-0.864574,0.0,0.0,0.076923,0.0,0.0
grpo1p7b|cruxeval,grpo1p7b,cruxeval,sample_247,50,0.201871,1.973055,-0.912099,0.0,0.0,0.0,0.0,0.0
grpo1p7b|cruxeval,grpo1p7b,cruxeval,sample_249,24,0.172286,2.115916,-0.803215,0.090909,0.0,0.181818,0.090909,0.05
grpo1p7b|cruxeval,grpo1p7b,cruxeval,sample_25,44,0.201517,1.916703,-0.951218,0.083333,0.0,0.083333,0.0,0.0
grpo1p7b|cruxeval,grpo1p7b,cruxeval,sample_256,31,0.222392,2.007231,-0.809629,0.727273,0.454545,0.545455,0.454545,0.6
grpo1p7b|cruxeval,grpo1p7b,cruxeval,sample_261,29,0.14269,2.107537,-0.849055,0.272727,0.0,0.454545,0.181818,0.25
grpo1p7b|cruxeval,grpo1p7b,cruxeval,sample_262,47,0.171626,1.98475,-0.937102,0.0,0.083333,0.083333,0.0,0.0
grpo1p7b|cruxeval,grpo1p7b,cruxeval,sample_263,50,0.191449,1.948326,-0.854495,0.0,0.0,0.0,0.0,0.0
grpo1p7b|cruxeval,grpo1p7b,cruxeval,sample_269,2,0.220114,1.838887,-0.925054,1.0,1.0,1.0,1.0,1.0
grpo1p7b|cruxeval,grpo1p7b,cruxeval,sample_270,17,0.214196,1.872159,-0.864172,0.727273,0.727273,0.727273,1.0,1.0
grpo1p7b|cruxeval,grpo1p7b,cruxeval,sample_275,33,0.161101,2.045848,-0.88957,0.25,0.083333,0.25,0.083333,0.1
grpo1p7b|cruxeval,grpo1p7b,cruxeval,sample_28,21,0.155219,1.912337,-0.89431,0.454545,0.636364,0.272727,0.454545,0.5
grpo1p7b|cruxeval,grpo1p7b,cruxeval,sample_281,4,0.174387,2.100241,-0.828055,1.0,1.0,1.0,0.75,1.0
grpo1p7b|cruxeval,grpo1p7b,cruxeval,sample_284,15,0.168007,2.027822,-0.89943,0.4,0.7,0.4,0.9,0.35
grpo1p7b|cruxeval,grpo1p7b,cruxeval,sample_288,2,0.150179,2.171673,-0.824103,1.0,0.5,0.5,0.0,0.0
grpo1p7b|cruxeval,grpo1p7b,cruxeval,sample_289,48,0.212684,1.920577,-0.821306,0.083333,0.0,0.0,0.0,0.0
grpo1p7b|cruxeval,grpo1p7b,cruxeval,sample_291,13,0.168614,1.991895,-0.921172,0.6,0.6,0.7,0.8,0.3
grpo1p7b|cruxeval,grpo1p7b,cruxeval,sample_294,50,0.134881,2.173603,-0.894017,0.0,0.076923,0.0,0.0,0.05
grpo1p7b|cruxeval,grpo1p7b,cruxeval,sample_297,4,0.14354,2.044694,-0.885773,1.0,0.75,1.0,0.75,1.0
grpo1p7b|cruxeval,grpo1p7b,cruxeval,sample_299,27,0.188489,1.959624,-0.854208,0.727273,0.818182,0.545455,0.818182,0.15
grpo1p7b|cruxeval,grpo1p7b,cruxeval,sample_30,50,0.199007,1.949987,-0.917919,0.0,0.0,0.0,0.0,0.0
grpo1p7b|cruxeval,grpo1p7b,cruxeval,sample_305,50,0.193039,2.074022,-0.747113,0.0,0.0,0.0,0.0,0.0
grpo1p7b|cruxeval,grpo1p7b,cruxeval,sample_306,24,0.171745,2.005437,-0.962994,0.727273,0.818182,0.454545,0.545455,0.5
grpo1p7b|cruxeval,grpo1p7b,cruxeval,sample_308,30,0.196796,2.007816,-0.822439,0.727273,0.727273,0.272727,0.454545,0.65
grpo1p7b|cruxeval,grpo1p7b,cruxeval,sample_31,5,0.157627,2.114866,-0.97472,1.0,1.0,1.0,1.0,1.0
grpo1p7b|cruxeval,grpo1p7b,cruxeval,sample_311,8,0.167721,1.94722,-0.884463,1.0,0.875,1.0,1.0,1.0
grpo1p7b|cruxeval,grpo1p7b,cruxeval,sample_321,17,0.17149,1.973171,-0.916396,0.818182,0.727273,0.909091,1.0,1.0
grpo1p7b|cruxeval,grpo1p7b,cruxeval,sample_335,31,0.145429,2.157611,-0.795263,0.727273,0.545455,0.818182,0.363636,0.45
grpo1p7b|cruxeval,grpo1p7b,cruxeval,sample_338,25,0.147768,2.039819,-1.026723,0.909091,0.909091,0.454545,0.727273,0.35
grpo1p7b|cruxeval,grpo1p7b,cruxeval,sample_343,11,0.147619,2.094882,-0.935562,0.6,0.7,0.7,1.0,0.9
grpo1p7b|cruxeval,grpo1p7b,cruxeval,sample_344,34,0.203923,1.956997,-0.897524,0.5,0.0,0.25,0.083333,0.2
grpo1p7b|cruxeval,grpo1p7b,cruxeval,sample_348,23,0.130061,2.152915,-0.803464,0.909091,1.0,0.818182,1.0,0.85
grpo1p7b|cruxeval,grpo1p7b,cruxeval,sample_349,12,0.152451,2.111866,-0.774036,0.8,0.7,0.8,0.6,1.0
grpo1p7b|cruxeval,grpo1p7b,cruxeval,sample_350,35,0.173924,2.014598,-0.910376,0.5,0.75,0.5,0.666667,1.0
grpo1p7b|cruxeval,grpo1p7b,cruxeval,sample_352,11,0.139624,2.060489,-0.960344,0.0,0.0,0.4,0.0,0.0
grpo1p7b|cruxeval,grpo1p7b,cruxeval,sample_357,48,0.155355,2.097912,-0.825475,0.25,0.166667,0.083333,0.25,0.05
grpo1p7b|cruxeval,grpo1p7b,cruxeval,sample_360,35,0.205658,1.941145,-0.888113,0.583333,0.666667,0.25,0.583333,0.2
grpo1p7b|cruxeval,grpo1p7b,cruxeval,sample_363,37,0.163721,1.995746,-1.039086,0.666667,0.416667,0.666667,0.416667,0.55
grpo1p7b|cruxeval,grpo1p7b,cruxeval,sample_367,45,0.177919,1.988069,-0.917038,0.166667,0.0,0.083333,0.083333,0.0
grpo1p7b|cruxeval,grpo1p7b,cruxeval,sample_368,45,0.160846,2.152816,-0.91184,0.0,0.0,0.0,0.0,0.0
grpo1p7b|cruxeval,grpo1p7b,cruxeval,sample_371,12,0.172816,2.071896,-0.805684,0.7,0.7,0.8,0.7,0.7
grpo1p7b|cruxeval,grpo1p7b,cruxeval,sample_373,50,0.136976,2.138378,-0.996962,0.0,0.0,0.0,0.153846,0.0
grpo1p7b|cruxeval,grpo1p7b,cruxeval,sample_384,44,0.157611,2.142318,-0.798365,0.083333,0.0,0.083333,0.0,0.05
grpo1p7b|cruxeval,grpo1p7b,cruxeval,sample_385,26,0.145405,2.134253,-0.87852,0.727273,0.636364,0.454545,0.454545,0.5
grpo1p7b|cruxeval,grpo1p7b,cruxeval,sample_389,48,0.166673,2.024754,-0.83201,0.333333,0.25,0.0,0.166667,0.0
grpo1p7b|cruxeval,grpo1p7b,cruxeval,sample_394,25,0.206037,1.904403,-0.775407,0.818182,0.636364,0.909091,0.909091,0.9
grpo1p7b|cruxeval,grpo1p7b,cruxeval,sample_396,4,0.219662,1.852093,-0.789676,1.0,1.0,0.75,0.5,1.0
grpo1p7b|cruxeval,grpo1p7b,cruxeval,sample_397,16,0.159501,2.060983,-0.869865,0.636364,0.909091,1.0,0.909091,0.5
grpo1p7b|cruxeval,grpo1p7b,cruxeval,sample_398,48,0.17598,2.06213,-0.932842,0.0,0.0,0.0,0.0,0.0
grpo1p7b|cruxeval,grpo1p7b,cruxeval,sample_4,49,0.235274,2.032037,-0.829736,0.0,0.0,0.0,0.0,0.0
grpo1p7b|cruxeval,grpo1p7b,cruxeval,sample_402,7,0.230393,1.842914,-1.141632,0.857143,1.0,1.0,1.0,1.0
grpo1p7b|cruxeval,grpo1p7b,cruxeval,sample_41,29,0.144527,2.115748,-0.99663,0.727273,0.636364,0.545455,0.636364,0.95
grpo1p7b|cruxeval,grpo1p7b,cruxeval,sample_411,10,0.213588,1.935773,-1.130802,0.6,0.8,0.8,0.6,1.0
grpo1p7b|cruxeval,grpo1p7b,cruxeval,sample_414,35,0.201133,1.962234,-0.926638,0.416667,0.166667,0.416667,0.166667,0.5
grpo1p7b|cruxeval,grpo1p7b,cruxeval,sample_415,26,0.214529,1.989958,-0.795303,0.454545,0.0,0.454545,0.181818,0.0
grpo1p7b|cruxeval,grpo1p7b,cruxeval,sample_418,50,0.180521,2.105855,-0.834329,0.0,0.0,0.0,0.0,0.0
grpo1p7b|cruxeval,grpo1p7b,cruxeval,sample_42,1,0.185882,1.954134,-1.171451,1.0,1.0,1.0,0.0,1.0
grpo1p7b|cruxeval,grpo1p7b,cruxeval,sample_420,21,0.179447,1.905351,-0.923549,0.454545,0.272727,0.636364,0.272727,0.4
grpo1p7b|cruxeval,grpo1p7b,cruxeval,sample_423,30,0.169544,2.064946,-0.853918,0.363636,0.545455,0.545455,0.272727,0.15
grpo1p7b|cruxeval,grpo1p7b,cruxeval,sample_427,36,0.174614,2.253429,-0.757009,0.0,0.0,0.0,0.0,0.0
grpo1p7b|cruxeval,grpo1p7b,cruxeval,sample_430,33,0.154104,1.94727,-0.904519,0.5,0.5,0.416667,0.583333,1.0
grpo1p7b|cruxeval,grpo1p7b,cruxeval,sample_431,2,0.177566,1.868527,-0.784466,1.0,1.0,1.0,1.0,1.0
grpo1p7b|cruxeval,grpo1p7b,cruxeval,sample_437,50,0.175791,2.098923,-0.801963,0.0,0.0,0.0,0.0,0.0
grpo1p7b|cruxeval,grpo1p7b,cruxeval,sample_44,50,0.196516,2.083811,-0.828048,0.0,0.0,0.0,0.0,0.0
grpo1p7b|cruxeval,grpo1p7b,cruxeval,sample_441,16,0.182193,1.889266,-0.848862,0.909091,0.363636,0.545455,0.727273,1.0
grpo1p7b|cruxeval,grpo1p7b,cruxeval,sample_45,2,0.144949,1.986885,-0.964366,1.0,1.0,1.0,0.5,1.0
grpo1p7b|cruxeval,grpo1p7b,cruxeval,sample_451,38,0.198705,2.030709,-0.864583,0.416667,0.333333,0.75,0.5,0.75
grpo1p7b|cruxeval,grpo1p7b,cruxeval,sample_454,3,0.162577,1.809078,-1.237325,1.0,1.0,1.0,1.0,1.0
grpo1p7b|cruxeval,grpo1p7b,cruxeval,sample_456,50,0.196247,1.832109,-1.056121,0.0,0.0,0.0,0.0,0.0
grpo1p7b|cruxeval,grpo1p7b,cruxeval,sample_462,39,0.158978,2.064312,-0.84373,0.333333,0.0,0.166667,0.0,0.0
grpo1p7b|cruxeval,grpo1p7b,cruxeval,sample_463,40,0.198836,1.996667,-0.856623,0.25,0.25,0.0,0.0,0.0
grpo1p7b|cruxeval,grpo1p7b,cruxeval,sample_467,2,0.179088,1.903149,-0.959963,1.0,1.0,1.0,1.0,1.0
grpo1p7b|cruxeval,grpo1p7b,cruxeval,sample_469,33,0.149754,2.100403,-0.908211,0.5,0.416667,0.583333,0.333333,0.25
grpo1p7b|cruxeval,grpo1p7b,cruxeval,sample_473,48,0.179312,2.146039,-0.808239,0.0,0.0,0.083333,0.0,0.0
grpo1p7b|cruxeval,grpo1p7b,cruxeval,sample_475,46,0.169309,1.983722,-0.898758,0.5,0.333333,0.583333,0.666667,1.0
grpo1p7b|cruxeval,grpo1p7b,cruxeval,sample_478,7,0.190297,1.993936,-0.718049,0.714286,0.571429,1.0,0.857143,1.0
grpo1p7b|cruxeval,grpo1p7b,cruxeval,sample_479,27,0.124694,2.049478,-1.000982,0.727273,0.454545,0.818182,0.727273,0.5
grpo1p7b|cruxeval,grpo1p7b,cruxeval,sample_48,50,0.252591,1.753525,-0.792441,0.0,0.0,0.0,0.0,0.0
grpo1p7b|cruxeval,grpo1p7b,cruxeval,sample_482,24,0.218911,1.809899,-0.975376,0.363636,0.727273,0.454545,0.454545,0.85
grpo1p7b|cruxeval,grpo1p7b,cruxeval,sample_486,28,0.133112,1.976181,-1.003148,0.636364,0.454545,0.363636,0.363636,0.5
grpo1p7b|cruxeval,grpo1p7b,cruxeval,sample_487,9,0.176295,1.897779,-0.969432,0.777778,0.888889,0.888889,0.777778,1.0
grpo1p7b|cruxeval,grpo1p7b,cruxeval,sample_49,47,0.206366,1.980641,-0.843229,0.333333,0.333333,0.166667,0.416667,0.5
grpo1p7b|cruxeval,grpo1p7b,cruxeval,sample_492,41,0.181781,2.067185,-0.815232,0.25,0.166667,0.166667,0.25,0.3
grpo1p7b|cruxeval,grpo1p7b,cruxeval,sample_493,30,0.170063,2.02203,-0.976595,0.272727,0.636364,0.636364,0.818182,1.0
grpo1p7b|cruxeval,grpo1p7b,cruxeval,sample_50,21,0.175902,2.011135,-0.806332,0.636364,0.636364,0.545455,0.818182,0.85
grpo1p7b|cruxeval,grpo1p7b,cruxeval,sample_502,15,0.183938,1.839145,-1.048815,1.0,1.0,1.0,1.0,1.0
grpo1p7b|cruxeval,grpo1p7b,cruxeval,sample_504,42,0.186225,1.940016,-0.966444,0.25,0.25,0.25,0.333333,0.0
grpo1p7b|cruxeval,grpo1p7b,cruxeval,sample_508,19,0.19137,2.022746,-0.851681,0.727273,0.636364,0.545455,0.727273,0.25
grpo1p7b|cruxeval,grpo1p7b,cruxeval,sample_51,22,0.191092,2.027431,-0.838715,0.545455,0.545455,0.272727,0.181818,0.15
grpo1p7b|cruxeval,grpo1p7b,cruxeval,sample_511,10,0.159945,1.972675,-1.021609,0.9,1.0,1.0,1.0,1.0
grpo1p7b|cruxeval,grpo1p7b,cruxeval,sample_517,50,0.20656,2.151277,-0.847404,0.076923,0.076923,0.076923,0.076923,0.0
grpo1p7b|cruxeval,grpo1p7b,cruxeval,sample_519,24,0.193474,1.845432,-0.843503,0.636364,0.454545,0.727273,0.363636,0.0
grpo1p7b|cruxeval,grpo1p7b,cruxeval,sample_524,50,0.171436,2.126907,-0.828528,0.0,0.0,0.0,0.0,0.0
grpo1p7b|cruxeval,grpo1p7b,cruxeval,sample_53,25,0.18837,2.095212,-0.791625,0.454545,0.0,0.272727,0.272727,0.15
grpo1p7b|cruxeval,grpo1p7b,cruxeval,sample_532,16,0.165187,2.124695,-0.959353,0.727273,0.727273,0.636364,0.727273,0.2
grpo1p7b|cruxeval,grpo1p7b,cruxeval,sample_539,48,0.260295,1.855432,-0.79861,0.0,0.0,0.0,0.0,0.0
grpo1p7b|cruxeval,grpo1p7b,cruxeval,sample_54,13,0.177794,1.99074,-0.759962,0.5,0.5,0.6,0.7,0.3
grpo1p7b|cruxeval,grpo1p7b,cruxeval,sample_549,2,0.195131,1.890515,-0.893754,1.0,1.0,1.0,1.0,1.0
grpo1p7b|cruxeval,grpo1p7b,cruxeval,sample_551,2,0.181798,2.009817,-0.675595,1.0,1.0,1.0,1.0,1.0
grpo1p7b|cruxeval,grpo1p7b,cruxeval,sample_552,23,0.162524,2.043691,-0.880768,0.909091,1.0,0.909091,1.0,1.0
grpo1p7b|cruxeval,grpo1p7b,cruxeval,sample_555,32,0.204821,2.004881,-0.835751,0.666667,0.416667,0.75,0.25,0.8
grpo1p7b|cruxeval,grpo1p7b,cruxeval,sample_56,28,0.189415,1.921284,-1.13715,0.545455,0.636364,0.636364,0.545455,0.0
grpo1p7b|cruxeval,grpo1p7b,cruxeval,sample_564,46,0.157491,2.133818,-0.892472,0.083333,0.25,0.083333,0.166667,0.0
grpo1p7b|cruxeval,grpo1p7b,cruxeval,sample_568,49,0.163764,2.229774,-0.748118,0.0,0.0,0.0,0.0,0.0
grpo1p7b|cruxeval,grpo1p7b,cruxeval,sample_569,26,0.17049,2.024597,-1.051101,0.545455,0.181818,0.272727,0.0,0.0
grpo1p7b|cruxeval,grpo1p7b,cruxeval,sample_575,2,0.16716,2.239925,-0.902454,1.0,1.0,1.0,1.0,1.0
grpo1p7b|cruxeval,grpo1p7b,cruxeval,sample_576,1,0.149688,1.967218,-1.265274,1.0,1.0,1.0,1.0,1.0
grpo1p7b|cruxeval,grpo1p7b,cruxeval,sample_577,19,0.212335,2.005575,-0.787045,0.454545,0.636364,0.454545,0.545455,0.65
grpo1p7b|cruxeval,grpo1p7b,cruxeval,sample_578,17,0.161942,1.928076,-0.815936,0.818182,0.818182,0.818182,0.545455,1.0
grpo1p7b|cruxeval,grpo1p7b,cruxeval,sample_582,45,0.16021,1.911121,-1.21741,0.166667,0.5,0.25,0.416667,0.0
grpo1p7b|cruxeval,grpo1p7b,cruxeval,sample_584,45,0.18902,2.058447,-0.900719,0.0,0.083333,0.0,0.083333,0.5
grpo1p7b|cruxeval,grpo1p7b,cruxeval,sample_586,20,0.155744,1.949479,-0.908566,0.545455,1.0,0.818182,0.909091,0.55
grpo1p7b|cruxeval,grpo1p7b,cruxeval,sample_587,32,0.228046,1.910738,-0.84337,0.083333,0.0,0.25,0.083333,0.3
grpo1p7b|cruxeval,grpo1p7b,cruxeval,sample_589,25,0.157175,2.061541,-0.861342,0.636364,0.272727,0.363636,0.181818,0.3
grpo1p7b|cruxeval,grpo1p7b,cruxeval,sample_59,48,0.202159,2.071696,-0.827315,0.75,0.583333,0.833333,0.666667,0.7
grpo1p7b|cruxeval,grpo1p7b,cruxeval,sample_591,37,0.19624,2.065135,-0.831623,0.0,0.0,0.0,0.0,0.0
grpo1p7b|cruxeval,grpo1p7b,cruxeval,sample_60,20,0.200173,1.947689,-0.982705,0.545455,0.363636,0.636364,0.454545,0.3
grpo1p7b|cruxeval,grpo1p7b,cruxeval,sample_602,43,0.170191,1.776839,-0.876542,0.5,0.25,0.416667,0.416667,0.0
grpo1p7b|cruxeval,grpo1p7b,cruxeval,sample_605,50,0.211529,1.924423,-0.932072,0.0,0.0,0.0,0.0,0.0
grpo1p7b|cruxeval,grpo1p7b,cruxeval,sample_608,36,0.230906,1.992717,-0.729312,0.083333,0.083333,0.083333,0.0,0.35
grpo1p7b|cruxeval,grpo1p7b,cruxeval,sample_609,13,0.219999,1.866968,-0.972787,0.6,0.6,0.9,0.7,0.95
grpo1p7b|cruxeval,grpo1p7b,cruxeval,sample_612,29,0.190913,1.94886,-0.982776,0.818182,1.0,0.909091,0.909091,0.6
grpo1p7b|cruxeval,grpo1p7b,cruxeval,sample_615,21,0.130389,2.145996,-0.843104,0.545455,0.454545,0.727273,0.727273,0.5
grpo1p7b|cruxeval,grpo1p7b,cruxeval,sample_617,7,0.208851,1.680953,-1.151485,0.857143,1.0,1.0,1.0,1.0
grpo1p7b|cruxeval,grpo1p7b,cruxeval,sample_62,45,0.148426,2.040539,-1.041607,0.166667,0.083333,0.0,0.0,0.0
grpo1p7b|cruxeval,grpo1p7b,cruxeval,sample_625,8,0.202821,2.090105,-0.85723,0.75,1.0,0.875,0.625,0.6875
grpo1p7b|cruxeval,grpo1p7b,cruxeval,sample_628,13,0.123544,1.976107,-1.102111,0.6,0.7,0.3,0.7,1.0
grpo1p7b|cruxeval,grpo1p7b,cruxeval,sample_63,25,0.195308,1.938934,-0.895545,0.545455,0.272727,0.818182,0.636364,0.5
grpo1p7b|cruxeval,grpo1p7b,cruxeval,sample_630,4,0.154542,2.115984,-0.824767,1.0,0.75,1.0,1.0,1.0
grpo1p7b|cruxeval,grpo1p7b,cruxeval,sample_632,24,0.161108,2.181592,-0.773434,0.272727,0.0,0.090909,0.090909,0.05
grpo1p7b|cruxeval,grpo1p7b,cruxeval,sample_634,48,0.211027,1.987651,-0.848376,0.083333,0.0,0.0,0.0,0.0
grpo1p7b|cruxeval,grpo1p7b,cruxeval,sample_645,3,0.180499,2.459887,-0.903302,0.666667,1.0,1.0,0.0,1.0
grpo1p7b|cruxeval,grpo1p7b,cruxeval,sample_652,36,0.166409,1.987321,-0.925479,0.833333,0.833333,1.0,0.666667,0.1
grpo1p7b|cruxeval,grpo1p7b,cruxeval,sample_658,48,0.160386,2.013744,-0.98437,0.083333,0.0,0.0,0.0,0.0
grpo1p7b|cruxeval,grpo1p7b,cruxeval,sample_660,20,0.136706,2.117217,-0.995993,0.636364,0.818182,0.545455,0.909091,1.0
grpo1p7b|cruxeval,grpo1p7b,cruxeval,sample_662,3,0.173929,2.026111,-0.767469,0.666667,1.0,1.0,1.0,1.0
grpo1p7b|cruxeval,grpo1p7b,cruxeval,sample_665,42,0.157732,2.044344,-0.894319,0.333333,0.166667,0.333333,0.333333,0.05
grpo1p7b|cruxeval,grpo1p7b,cruxeval,sample_67,46,0.158665,1.994314,-1.040752,0.0,0.0,0.0,0.0,0.0
grpo1p7b|cruxeval,grpo1p7b,cruxeval,sample_677,14,0.190895,2.201464,-0.745019,1.0,1.0,0.9,1.0,0.85
grpo1p7b|cruxeval,grpo1p7b,cruxeval,sample_678,21,0.208041,1.915596,-0.936214,0.727273,0.727273,0.818182,0.909091,1.0
grpo1p7b|cruxeval,grpo1p7b,cruxeval,sample_679,35,0.201281,2.007328,-0.926655,0.166667,0.166667,0.333333,0.083333,0.05
grpo1p7b|cruxeval,grpo1p7b,cruxeval,sample_683,7,0.215139,1.91946,-1.019514,0.857143,1.0,1.0,0.714286,1.0
grpo1p7b|cruxeval,grpo1p7b,cruxeval,sample_685,1,0.153465,1.875417,-1.739839,0.0,0.0,0.0,0.0,0.0
grpo1p7b|cruxeval,grpo1p7b,cruxeval,sample_686,36,0.180866,1.9744,-0.826247,0.333333,0.25,0.166667,0.25,0.45
grpo1p7b|cruxeval,grpo1p7b,cruxeval,sample_688,19,0.113514,2.133724,-0.841072,0.363636,0.636364,0.545455,0.909091,1.0
grpo1p7b|cruxeval,grpo1p7b,cruxeval,sample_689,11,0.140984,2.00958,-1.048418,0.7,0.6,0.9,0.6,1.0
grpo1p7b|cruxeval,grpo1p7b,cruxeval,sample_695,15,0.221249,1.96848,-1.010587,0.6,0.3,0.7,0.2,0.5
grpo1p7b|cruxeval,grpo1p7b,cruxeval,sample_701,28,0.181707,2.125594,-0.879145,0.272727,0.363636,0.181818,0.363636,0.0
grpo1p7b|cruxeval,grpo1p7b,cruxeval,sample_707,43,0.162854,2.061222,-0.859219,0.416667,0.25,0.416667,0.083333,0.35
grpo1p7b|cruxeval,grpo1p7b,cruxeval,sample_71,22,0.212361,2.050951,-0.776696,0.181818,0.272727,0.454545,0.181818,0.35
grpo1p7b|cruxeval,grpo1p7b,cruxeval,sample_710,7,0.200212,1.938458,-1.17221,0.857143,1.0,0.571429,0.714286,1.0
grpo1p7b|cruxeval,grpo1p7b,cruxeval,sample_715,17,0.165751,1.965247,-1.007462,0.818182,0.454545,0.636364,0.454545,0.5
grpo1p7b|cruxeval,grpo1p7b,cruxeval,sample_717,38,0.192813,2.112506,-0.769159,0.083333,0.25,0.25,0.166667,0.2
grpo1p7b|cruxeval,grpo1p7b,cruxeval,sample_725,10,0.158597,2.070929,-0.96649,1.0,1.0,0.8,0.8,1.0
grpo1p7b|cruxeval,grpo1p7b,cruxeval,sample_730,1,0.119031,2.137177,-0.811987,1.0,1.0,1.0,1.0,1.0
grpo1p7b|cruxeval,grpo1p7b,cruxeval,sample_732,17,0.125161,2.105339,-0.964004,1.0,1.0,0.818182,1.0,1.0
grpo1p7b|cruxeval,grpo1p7b,cruxeval,sample_734,29,0.195496,1.993609,-0.803003,0.454545,0.090909,0.272727,0.272727,0.3
grpo1p7b|cruxeval,grpo1p7b,cruxeval,sample_737,29,0.168843,2.006037,-0.877357,0.545455,0.727273,0.727273,0.636364,0.7
grpo1p7b|cruxeval,grpo1p7b,cruxeval,sample_741,1,0.123577,2.206374,-3.592465,1.0,1.0,1.0,1.0,1.0
grpo1p7b|cruxeval,grpo1p7b,cruxeval,sample_748,25,0.215169,1.953968,-0.849642,0.636364,0.727273,0.727273,0.545455,0.55
grpo1p7b|cruxeval,grpo1p7b,cruxeval,sample_749,48,0.234696,2.003926,-0.7613,0.0,0.0,0.0,0.0,0.0
grpo1p7b|cruxeval,grpo1p7b,cruxeval,sample_75,11,0.153319,2.027316,-0.96878,0.1,0.0,0.0,0.0,0.0
grpo1p7b|cruxeval,grpo1p7b,cruxeval,sample_753,13,0.174889,2.061336,-0.849472,0.5,0.7,0.8,0.8,1.0
grpo1p7b|cruxeval,grpo1p7b,cruxeval,sample_756,46,0.182803,1.953982,-1.047489,0.0,0.083333,0.083333,0.166667,0.0
grpo1p7b|cruxeval,grpo1p7b,cruxeval,sample_760,21,0.199252,1.968058,-0.793734,0.363636,0.545455,0.636364,0.818182,0.55
grpo1p7b|cruxeval,grpo1p7b,cruxeval,sample_761,2,0.202375,1.948301,-1.248484,1.0,1.0,1.0,1.0,1.0
grpo1p7b|cruxeval,grpo1p7b,cruxeval,sample_776,6,0.17417,1.875993,-0.813156,1.0,1.0,0.833333,0.833333,1.0
grpo1p7b|cruxeval,grpo1p7b,cruxeval,sample_778,23,0.159987,2.136586,-0.935751,0.636364,0.454545,0.363636,0.363636,0.5
grpo1p7b|cruxeval,grpo1p7b,cruxeval,sample_780,21,0.188898,2.062302,-0.849943,0.727273,0.727273,0.909091,0.818182,0.45
grpo1p7b|cruxeval,grpo1p7b,cruxeval,sample_784,44,0.192662,1.887815,-1.011975,0.333333,0.166667,0.416667,0.166667,0.15
grpo1p7b|cruxeval,grpo1p7b,cruxeval,sample_789,36,0.17167,2.014783,-0.885345,0.166667,0.166667,0.333333,0.0,0.1
grpo1p7b|cruxeval,grpo1p7b,cruxeval,sample_79,46,0.156499,1.989142,-0.839177,1.0,1.0,0.916667,0.916667,1.0
grpo1p7b|cruxeval,grpo1p7b,cruxeval,sample_790,22,0.201478,1.880007,-0.914015,0.545455,0.454545,0.727273,0.454545,0.55
grpo1p7b|cruxeval,grpo1p7b,cruxeval,sample_792,30,0.140623,2.023335,-0.865196,0.090909,0.0,0.272727,0.0,0.15
grpo1p7b|cruxeval,grpo1p7b,cruxeval,sample_799,24,0.206013,1.992425,-0.852806,0.727273,0.545455,0.363636,0.636364,0.0
grpo1p7b|cruxeval,grpo1p7b,cruxeval,sample_83,39,0.156119,2.069258,-0.780703,0.666667,0.916667,1.0,1.0,0.75
grpo1p7b|cruxeval,grpo1p7b,cruxeval,sample_84,49,0.158695,2.091449,-0.846299,0.083333,0.0,0.0,0.0,0.0
grpo1p7b|cruxeval,grpo1p7b,cruxeval,sample_85,14,0.17828,2.102811,-0.790525,0.9,0.6,0.9,0.6,0.55
grpo1p7b|cruxeval,grpo1p7b,cruxeval,sample_89,41,0.183324,1.961598,-0.86721,0.666667,0.833333,0.666667,0.666667,1.0
grpo1p7b|cruxeval,grpo1p7b,cruxeval,sample_90,31,0.168353,1.967413,-0.840968,0.909091,0.545455,0.727273,0.454545,0.95
grpo1p7b|cruxeval,grpo1p7b,cruxeval,sample_91,3,0.178666,1.867081,-0.827089,1.0,1.0,1.0,1.0,1.0
grpo1p7b|cruxeval,grpo1p7b,cruxeval,sample_95,9,0.202479,1.841994,-0.906484,0.888889,1.0,1.0,1.0,1.0
grpo1p7b|gpqa,grpo1p7b,gpqa,gpqa_rec06pnAkLOr2t2mp,49,0.212831,1.865973,-0.853873,0.0,0.1,0.0,0.1,0.0
grpo1p7b|gpqa,grpo1p7b,gpqa,gpqa_rec0Arme2jcXQZnAW,50,0.254673,1.78735,-0.696377,0.0,0.1,0.0,0.0,0.0
grpo1p7b|gpqa,grpo1p7b,gpqa,gpqa_rec0VuKUjt1SZ7NYv,50,0.224785,1.779019,-0.807825,0.1,0.0,0.0,0.0,0.1
grpo1p7b|gpqa,grpo1p7b,gpqa,gpqa_rec0wZvZgiz320KRs,47,0.16107,2.021562,-0.901856,0.2,0.5,0.2,0.4,0.0
grpo1p7b|gpqa,grpo1p7b,gpqa,gpqa_rec0yTRmO1o1xCA6H,28,0.220086,1.894185,-0.817382,0.1,0.1,0.0,0.1,0.5
grpo1p7b|gpqa,grpo1p7b,gpqa,gpqa_rec1oj2DveQWl9Rpw,50,0.164961,1.961843,-0.892409,0.0,0.0,0.0,0.0,0.0
grpo1p7b|gpqa,grpo1p7b,gpqa,gpqa_rec1zl5LvaatzGhFt,50,0.258228,1.796186,-0.762356,0.0,0.1,0.0,0.0,0.0
grpo1p7b|gpqa,grpo1p7b,gpqa,gpqa_rec260hNUCEj109Dj,50,0.219727,1.820012,-0.69153,0.0,0.0,0.0,0.0,0.0
grpo1p7b|gpqa,grpo1p7b,gpqa,gpqa_rec2UlKqC6RFHdcro,50,0.297383,1.740843,-0.752713,0.0,0.0,0.0,0.0,0.0
grpo1p7b|gpqa,grpo1p7b,gpqa,gpqa_rec2ZTsqazBZ3LTWZ,50,0.224302,1.783444,-0.77745,0.1,0.0,0.0,0.0,0.0
grpo1p7b|gpqa,grpo1p7b,gpqa,gpqa_rec2fsnzUuvNtUYK8,31,0.272532,1.731152,-0.685879,0.0,0.2,0.2,0.0,0.0
grpo1p7b|gpqa,grpo1p7b,gpqa,gpqa_rec32C1ZEapBnCC0E,50,0.236626,1.759136,-0.808625,0.0,0.0,0.0,0.0,0.0
grpo1p7b|gpqa,grpo1p7b,gpqa,gpqa_rec47oNPXudlTIk4y,49,0.21592,1.822329,-0.780221,0.2,0.0,0.1,0.1,0.0
grpo1p7b|gpqa,grpo1p7b,gpqa,gpqa_rec4JrWy7Il8ho5vk,41,0.243498,1.820266,-0.761637,0.3,0.2,0.3,0.5,0.0
grpo1p7b|gpqa,grpo1p7b,gpqa,gpqa_rec4L69T0Y1AS4AFS,3,0.260742,1.797174,-0.790874,0.666667,1.0,1.0,1.0,1.0
grpo1p7b|gpqa,grpo1p7b,gpqa,gpqa_rec4UqStf9WUVif1f,50,0.207074,1.807319,-0.733138,0.1,0.1,0.1,0.0,0.1
grpo1p7b|gpqa,grpo1p7b,gpqa,gpqa_rec4r4KWNLrT7g2kR,34,0.286219,1.757309,-0.799388,0.2,0.1,0.2,0.1,0.0
grpo1p7b|gpqa,grpo1p7b,gpqa,gpqa_rec527dNeEtWJrYNl,46,0.325726,1.734865,-0.766243,0.7,0.4,0.7,0.4,0.1
grpo1p7b|gpqa,grpo1p7b,gpqa,gpqa_rec5eA17Qr1ucNLUf,50,0.241211,1.772176,-0.72887,0.0,0.1,0.1,0.0,0.0
grpo1p7b|gpqa,grpo1p7b,gpqa,gpqa_rec5rjeLsEq5Fg7Oj,50,0.261328,1.830661,-0.86182,0.0,0.0,0.0,0.0,0.0
grpo1p7b|gpqa,grpo1p7b,gpqa,gpqa_rec6sE2CRtD4drtHg,40,0.281299,1.746449,-0.733731,0.3,0.4,0.6,0.3,0.5
grpo1p7b|gpqa,grpo1p7b,gpqa,gpqa_rec7C06XOB2h298ue,47,0.198097,1.885007,-0.767398,0.0,0.1,0.1,0.1,0.0
grpo1p7b|gpqa,grpo1p7b,gpqa,gpqa_rec7qmSnbud4FHSqL,50,0.202676,1.902943,-0.845663,0.1,0.0,0.1,0.1,0.1
grpo1p7b|gpqa,grpo1p7b,gpqa,gpqa_rec8nshandHARTkrg,7,0.24149,1.759,-0.731098,0.285714,0.571429,0.857143,0.571429,0.428571
grpo1p7b|gpqa,grpo1p7b,gpqa,gpqa_rec8y3ZrBOcLgNEkE,36,0.244331,1.813148,-0.814329,1.0,1.0,1.0,1.0,1.0
grpo1p7b|gpqa,grpo1p7b,gpqa,gpqa_rec9GugrngvsQR99A,44,0.245966,1.765026,-0.686898,0.0,0.0,0.0,0.0,0.0
grpo1p7b|gpqa,grpo1p7b,gpqa,gpqa_rec9W28HgpEUeUN8k,50,0.250222,1.851838,-0.855838,0.0,0.0,0.0,0.0,0.0
grpo1p7b|gpqa,grpo1p7b,gpqa,gpqa_rec9ubQihAh6g9bft,50,0.254014,1.768783,-0.786638,0.0,0.0,0.0,0.0,0.0
grpo1p7b|gpqa,grpo1p7b,gpqa,gpqa_recA1i5ZAh0Uzclxp,50,0.229922,1.871677,-0.738674,0.0,0.0,0.0,0.0,0.0
grpo1p7b|gpqa,grpo1p7b,gpqa,gpqa_recAAJoHMW45Lv5je,49,0.199832,1.793922,-0.846716,0.0,0.0,0.0,0.0,0.0
grpo1p7b|gpqa,grpo1p7b,gpqa,gpqa_recAYkd96NNuNl1Ei,48,0.287079,1.804479,-0.848529,0.0,0.0,0.0,0.0,0.0
grpo1p7b|gpqa,grpo1p7b,gpqa,gpqa_recBGxVySx1pkrO1i,50,0.254688,1.751608,-0.811959,0.0,0.0,0.0,0.0,0.0
grpo1p7b|gpqa,grpo1p7b,gpqa,gpqa_recBXlqrZUCR897It,50,0.231195,1.762049,-0.799817,0.0,0.0,0.1,0.0,0.0
grpo1p7b|gpqa,grpo1p7b,gpqa,gpqa_recBhnXrUyTJ6WHIR,45,0.210048,1.815903,-0.834661,0.2,0.4,0.4,0.5,0.2
grpo1p7b|gpqa,grpo1p7b,gpqa,gpqa_recBtVK8rBVtIlXDq,15,0.261458,1.792433,-0.808983,0.8,0.7,0.8,0.8,0.8
grpo1p7b|gpqa,grpo1p7b,gpqa,gpqa_recCJJOeBGERaHYax,50,0.282097,1.756269,-0.742189,0.0,0.0,0.0,0.0,0.0
grpo1p7b|gpqa,grpo1p7b,gpqa,gpqa_recD8oX1KevFbl7bL,50,0.193984,1.890107,-0.703469,0.0,0.0,0.0,0.0,0.0
grpo1p7b|gpqa,grpo1p7b,gpqa,gpqa_recDDxpS9s8cwkqfq,40,0.192822,1.889749,-0.860894,0.0,0.1,0.0,0.2,0.0
grpo1p7b|gpqa,grpo1p7b,gpqa,gpqa_recDj2Y2BbtV02Wv5,50,0.28951,1.732639,-0.710618,0.0,0.0,0.0,0.0,0.0
grpo1p7b|gpqa,grpo1p7b,gpqa,gpqa_recDytVnNYZe2HuUU,50,0.233496,1.815454,-0.745451,0.1,0.0,0.0,0.0,0.0
grpo1p7b|gpqa,grpo1p7b,gpqa,gpqa_recE2ihVfqEK4R9d0,49,0.221564,1.852652,-0.809929,0.0,0.0,0.1,0.0,0.0
grpo1p7b|gpqa,grpo1p7b,gpqa,gpqa_recEmTBhx2hgw6tPQ,45,0.226285,1.840068,-0.746772,0.3,0.2,0.1,0.1,0.0
grpo1p7b|gpqa,grpo1p7b,gpqa,gpqa_recFaL6j8UMhutXrc,50,0.269199,1.830794,-0.802221,0.1,0.1,0.2,0.3,0.2
grpo1p7b|gpqa,grpo1p7b,gpqa,gpqa_recG1ljJQcVy6CbSl,47,0.238286,1.876791,-0.809143,0.3,0.1,0.4,0.2,0.0
grpo1p7b|gpqa,grpo1p7b,gpqa,gpqa_recGFKDUd8qgz81Zl,50,0.236737,1.807756,-0.862896,0.1,0.1,0.3,0.3,0.0
grpo1p7b|gpqa,grpo1p7b,gpqa,gpqa_recGFNRVl1qBZGwyU,46,0.29282,1.758429,-0.660699,0.2,0.3,0.2,0.1,0.2
grpo1p7b|gpqa,grpo1p7b,gpqa,gpqa_recGee5m84dg5FZkc,50,0.295645,1.698715,-0.814901,0.0,0.0,0.0,0.0,0.0
grpo1p7b|gpqa,grpo1p7b,gpqa,gpqa_recHVUd2DkoKfedJZ,48,0.232076,1.777531,-0.755096,0.0,0.1,0.0,0.1,0.2
grpo1p7b|gpqa,grpo1p7b,gpqa,gpqa_recI1ls9OXdxatHQn,32,0.200226,1.926819,-0.840506,0.5,0.4,0.7,0.5,0.2
grpo1p7b|gpqa,grpo1p7b,gpqa,gpqa_recIDiDKKrN61Auyr,48,0.264279,1.803838,-0.854121,0.0,0.0,0.1,0.0,0.0
grpo1p7b|gpqa,grpo1p7b,gpqa,gpqa_recIIUynGGpsGEYuo,49,0.219527,1.859281,-0.805868,0.0,0.0,0.0,0.0,0.0
grpo1p7b|gpqa,grpo1p7b,gpqa,gpqa_recIMcQfaQNa6vzsT,44,0.185658,1.841615,-0.801056,0.2,0.4,0.5,0.3,0.3
grpo1p7b|gpqa,grpo1p7b,gpqa,gpqa_recINGR1z01Fh1Z3A,46,0.187394,1.875327,-0.767428,0.2,0.2,0.1,0.1,0.1
grpo1p7b|gpqa,grpo1p7b,gpqa,gpqa_recINSFEYLCyyd08m,50,0.218294,1.874213,-0.739751,0.0,0.0,0.0,0.0,0.0
grpo1p7b|gpqa,grpo1p7b,gpqa,gpqa_recIOlKBsOeEcgkA1,44,0.243297,1.780589,-0.745986,0.3,0.0,0.0,0.2,0.0
grpo1p7b|gpqa,grpo1p7b,gpqa,gpqa_recIj8lR4tuDgrHou,50,0.267188,1.722707,-0.719182,0.1,0.0,0.0,0.2,0.0
grpo1p7b|gpqa,grpo1p7b,gpqa,gpqa_recIlghoOw5VbY4Zh,50,0.265957,1.932067,-0.74162,0.0,0.0,0.0,0.0,0.0
grpo1p7b|gpqa,grpo1p7b,gpqa,gpqa_recJJcOHhFeSaRpl4,50,0.225591,1.777248,-0.71107,0.0,0.0,0.0,0.1,0.0
grpo1p7b|gpqa,grpo1p7b,gpqa,gpqa_recJZ3QEfRKjYw9a7,50,0.281602,1.674834,-0.737647,0.0,0.0,0.1,0.0,0.0
grpo1p7b|gpqa,grpo1p7b,gpqa,gpqa_recJpyGtGIsxulevT,50,0.215359,1.852409,-0.872012,0.2,0.1,0.0,0.1,0.0
grpo1p7b|gpqa,grpo1p7b,gpqa,gpqa_recK9F5aqdaybl8bb,45,0.251411,1.830191,-0.739206,0.1,0.2,0.2,0.0,0.3
grpo1p7b|gpqa,grpo1p7b,gpqa,gpqa_recKcjTwONILZqHAX,44,0.235374,1.745795,-0.744361,0.6,0.3,0.6,0.5,0.5
grpo1p7b|gpqa,grpo1p7b,gpqa,gpqa_recKm6LNWykGapmCr,50,0.240318,1.764587,-0.864708,0.0,0.1,0.0,0.0,0.0
grpo1p7b|gpqa,grpo1p7b,gpqa,gpqa_recKv4hFyNpViUXnL,50,0.224629,1.802902,-0.755645,0.0,0.1,0.2,0.0,0.0
grpo1p7b|gpqa,grpo1p7b,gpqa,gpqa_recL9MFV5zmdlle5T,49,0.281868,1.743335,-0.869676,0.0,0.0,0.0,0.0,0.0
grpo1p7b|gpqa,grpo1p7b,gpqa,gpqa_recLAgwx9vbgB5EHk,44,0.241498,1.757471,-0.770231,0.0,0.2,0.0,0.2,0.1
grpo1p7b|gpqa,grpo1p7b,gpqa,gpqa_recLB0EkQ54bYVhnd,50,0.221889,1.841552,-0.84203,0.0,0.0,0.0,0.1,0.0
grpo1p7b|gpqa,grpo1p7b,gpqa,gpqa_recLSzwBUS3olCjhl,50,0.260605,1.783549,-0.769301,0.0,0.0,0.1,0.0,0.0
grpo1p7b|gpqa,grpo1p7b,gpqa,gpqa_recLrRirj7iXoB0rU,46,0.195079,1.857416,-0.851258,0.0,0.0,0.0,0.0,0.0
grpo1p7b|gpqa,grpo1p7b,gpqa,gpqa_recMicVBcqy1xM1jq,46,0.274802,1.805631,-0.762441,0.3,0.5,0.2,0.1,0.0
grpo1p7b|gpqa,grpo1p7b,gpqa,gpqa_recN4DY9Q5V03glmQ,50,0.200141,1.950597,-0.726579,0.0,0.0,0.1,0.0,0.0
grpo1p7b|gpqa,grpo1p7b,gpqa,gpqa_recNAiPUKOulQbKVP,49,0.294031,1.746658,-0.740609,0.0,0.0,0.0,0.0,0.0
grpo1p7b|gpqa,grpo1p7b,gpqa,gpqa_recNFJjE5PPTqVJGv,48,0.182231,1.880038,-0.787227,0.0,0.1,0.1,0.1,0.0
grpo1p7b|gpqa,grpo1p7b,gpqa,gpqa_recNu3MXkvWUzHZr9,49,0.209283,1.95532,-0.792934,0.0,0.0,0.0,0.0,0.0
grpo1p7b|gpqa,grpo1p7b,gpqa,gpqa_recNuT2oSnO86bxOx,50,0.281498,1.721414,-0.724903,0.0,0.0,0.0,0.0,0.0
grpo1p7b|gpqa,grpo1p7b,gpqa,gpqa_recO3hvCWRGiG0odN,47,0.273022,1.805996,-0.854228,0.1,0.0,0.4,0.0,0.1
grpo1p7b|gpqa,grpo1p7b,gpqa,gpqa_recOYsaYs6RmtlTDy,42,0.228051,1.900879,-0.87308,0.7,1.0,1.0,0.5,0.4
grpo1p7b|gpqa,grpo1p7b,gpqa,gpqa_recOkA2zsy4GSMD9R,50,0.204844,1.810393,-0.763785,0.0,0.0,0.1,0.0,0.0
grpo1p7b|gpqa,grpo1p7b,gpqa,gpqa_recOvqPKUtyy9ISA1,42,0.266718,1.718457,-0.763807,0.2,0.4,0.2,0.4,0.0
grpo1p7b|gpqa,grpo1p7b,gpqa,gpqa_recPIzpnuYpB4yvmp,50,0.186562,1.853148,-0.805418,0.0,0.0,0.0,0.0,0.0
grpo1p7b|gpqa,grpo1p7b,gpqa,gpqa_recPL4ZPpVYxgMu57,22,0.212047,1.815355,-0.852719,1.0,0.9,1.0,1.0,1.0
grpo1p7b|gpqa,grpo1p7b,gpqa,gpqa_recPSTGXK3P39yNYT,32,0.236053,1.821357,-0.835938,0.9,1.0,0.9,0.8,1.0
grpo1p7b|gpqa,grpo1p7b,gpqa,gpqa_recPzW1WqRnPs57D6,49,0.236747,1.78557,-0.848731,0.0,0.0,0.1,0.1,0.2
grpo1p7b|gpqa,grpo1p7b,gpqa,gpqa_recQ8oxSY2aCwFRS8,46,0.270168,1.761518,-0.702707,0.3,0.1,0.1,0.2,0.2
grpo1p7b|gpqa,grpo1p7b,gpqa,gpqa_recQiWOxhkXRz9NVE,48,0.243123,1.767503,-0.758671,0.1,0.0,0.1,0.1,0.2
grpo1p7b|gpqa,grpo1p7b,gpqa,gpqa_recRTiyaRymerDJ4y,50,0.20516,1.857089,-0.803627,0.3,0.0,0.2,0.0,0.0
grpo1p7b|gpqa,grpo1p7b,gpqa,gpqa_recRZjaElf8ft7xTq,50,0.251484,1.861741,-0.811799,0.0,0.0,0.0,0.0,0.0
grpo1p7b|gpqa,grpo1p7b,gpqa,gpqa_recReg13iV2HwJTaA,50,0.306048,1.771303,-0.697763,0.0,0.0,0.0,0.0,0.0
grpo1p7b|gpqa,grpo1p7b,gpqa,gpqa_recRgabRzMaEoBRcM,50,0.236328,1.828468,-0.72091,0.2,0.3,0.2,0.3,0.1
grpo1p7b|gpqa,grpo1p7b,gpqa,gpqa_recRhwQwHijW0gCLo,49,0.208606,1.947986,-0.786058,0.1,0.2,0.1,0.0,0.0
grpo1p7b|gpqa,grpo1p7b,gpqa,gpqa_recS48OsU6kVadBPW,44,0.203222,1.868616,-0.901963,0.9,0.7,0.8,0.7,1.0
grpo1p7b|gpqa,grpo1p7b,gpqa,gpqa_recSBcGLPatKb3Ygu,49,0.15051,1.882083,-0.847193,0.1,0.0,0.1,0.0,0.0
grpo1p7b|gpqa,grpo1p7b,gpqa,gpqa_recTs7qzfJs6kfLUK,50,0.192559,1.878913,-0.737552,0.0,0.1,0.1,0.1,0.0
grpo1p7b|gpqa,grpo1p7b,gpqa,gpqa_recUBgVlkKzcRPDdK,40,0.196533,1.824251,-0.725801,0.6,0.8,0.6,0.8,0.7
grpo1p7b|gpqa,grpo1p7b,gpqa,gpqa_recUOePh79cp4T2Bg,45,0.241102,1.849873,-0.778087,0.3,0.1,0.1,0.0,0.1
grpo1p7b|gpqa,grpo1p7b,gpqa,gpqa_recUc29lMDBEvurYo,50,0.232773,1.770051,-0.772742,0.1,0.0,0.0,0.0,0.0
grpo1p7b|gpqa,grpo1p7b,gpqa,gpqa_recV1nqYQvpII94oC,49,0.264833,1.794925,-0.758418,0.0,0.0,0.0,0.0,0.0
grpo1p7b|gpqa,grpo1p7b,gpqa,gpqa_recVE8cUNHpHZIAvL,50,0.250566,1.793409,-0.812754,0.0,0.0,0.0,0.0,0.0
grpo1p7b|gpqa,grpo1p7b,gpqa,gpqa_recVEXvhYxAhELVqB,48,0.258748,1.766584,-0.798097,0.0,0.1,0.1,0.2,0.2
grpo1p7b|gpqa,grpo1p7b,gpqa,gpqa_recVvpD8miVjmmyfe,50,0.191348,1.898027,-0.854146,0.0,0.0,0.0,0.0,0.0
grpo1p7b|gpqa,grpo1p7b,gpqa,gpqa_recWPMm91mGDLXONm,45,0.270334,1.737784,-0.711708,0.2,0.1,0.0,0.1,0.0
grpo1p7b|gpqa,grpo1p7b,gpqa,gpqa_recWXwn9v4IG9ZrM6,34,0.254251,1.759018,-0.777829,0.8,0.5,0.9,0.9,0.5
grpo1p7b|gpqa,grpo1p7b,gpqa,gpqa_recWxGU8Q4YReJ1tb,50,0.244355,1.803758,-0.679275,0.0,0.3,0.1,0.2,0.0
grpo1p7b|gpqa,grpo1p7b,gpqa,gpqa_recWzUUYBN0NuXO2k,50,0.154668,1.951156,-0.889883,0.3,0.2,0.2,0.2,0.0
grpo1p7b|gpqa,grpo1p7b,gpqa,gpqa_recXsYa3i2UhGF5fe,46,0.235628,1.853226,-0.78895,0.0,0.0,0.1,0.0,0.0
grpo1p7b|gpqa,grpo1p7b,gpqa,gpqa_recXvQ6gWAmyakrpD,33,0.218277,1.850292,-0.860434,0.2,0.0,0.2,0.0,0.1
grpo1p7b|gpqa,grpo1p7b,gpqa,gpqa_recYA3LPsCvF1fTMI,50,0.284336,1.760091,-0.739319,0.0,0.0,0.0,0.0,0.1
grpo1p7b|gpqa,grpo1p7b,gpqa,gpqa_recYCMJWH7IpcdqwE,43,0.260788,1.738458,-0.716798,0.0,0.0,0.0,0.0,0.0
grpo1p7b|gpqa,grpo1p7b,gpqa,gpqa_recYOzCsevNz61Lyn,45,0.248025,1.787654,-0.743248,0.3,0.0,0.2,0.1,0.1
grpo1p7b|gpqa,grpo1p7b,gpqa,gpqa_recYt8xx80OTyDsL0,10,0.240722,1.786018,-0.863603,1.0,0.8,0.8,0.7,1.0
grpo1p7b|gpqa,grpo1p7b,gpqa,gpqa_recZ13cwgDQf9jRd9,49,0.25256,1.755759,-0.756784,0.0,0.1,0.0,0.0,0.0
grpo1p7b|gpqa,grpo1p7b,gpqa,gpqa_recZSGUkn56v9kEp1,49,0.233299,1.833637,-0.737734,0.1,0.0,0.1,0.0,0.0
grpo1p7b|gpqa,grpo1p7b,gpqa,gpqa_recZWeueB7lSPR6wN,50,0.282168,1.694733,-0.741698,0.0,0.0,0.0,0.0,0.0
grpo1p7b|gpqa,grpo1p7b,gpqa,gpqa_recZbxrocrxh9YENH,26,0.230093,1.741638,-0.791993,0.4,0.3,0.8,0.8,0.4
grpo1p7b|gpqa,grpo1p7b,gpqa,gpqa_recZdZxsN0AxDx0pB,47,0.218688,1.853516,-0.726439,0.3,0.3,0.4,0.1,0.0
grpo1p7b|gpqa,grpo1p7b,gpqa,gpqa_recZt4x514UQNnsgy,49,0.220803,1.839994,-0.782883,0.0,0.0,0.0,0.0,0.0
grpo1p7b|gpqa,grpo1p7b,gpqa,gpqa_reca44yABeO2fx7UB,50,0.196621,1.881873,-0.74207,0.0,0.0,0.0,0.0,0.0
grpo1p7b|gpqa,grpo1p7b,gpqa,gpqa_recaXdGn3FAIkxLGM,49,0.241869,1.868364,-0.773478,0.3,0.0,0.3,0.1,0.1
grpo1p7b|gpqa,grpo1p7b,gpqa,gpqa_recafnH3RRnMBXEb1,40,0.257056,1.832196,-0.747141,0.2,0.3,0.3,0.7,0.2
grpo1p7b|gpqa,grpo1p7b,gpqa,gpqa_recakFKZioXUuldcd,50,0.236321,1.861634,-0.790424,0.0,0.0,0.0,0.0,0.0
grpo1p7b|gpqa,grpo1p7b,gpqa,gpqa_recatj4YXzbOaq3Ar,36,0.219875,1.87141,-0.78446,0.6,0.5,0.6,0.5,0.9
grpo1p7b|gpqa,grpo1p7b,gpqa,gpqa_recb2M22zaD3tL6Qc,47,0.243772,1.874365,-0.734314,0.0,0.0,0.0,0.0,0.0
grpo1p7b|gpqa,grpo1p7b,gpqa,gpqa_recb4cGsC6BJUCU3V,35,0.282589,1.773938,-0.682584,0.4,0.4,0.1,0.3,0.1
grpo1p7b|gpqa,grpo1p7b,gpqa,gpqa_recb80OwMgNnceA9t,50,0.240061,1.806687,-0.738471,0.1,0.0,0.0,0.0,0.1
grpo1p7b|gpqa,grpo1p7b,gpqa,gpqa_reccOKzFNmyqeJ6ry,47,0.250062,1.770758,-0.662958,0.0,0.1,0.1,0.2,0.0
grpo1p7b|gpqa,grpo1p7b,gpqa,gpqa_reccVBrYdwsB84fGy,49,0.286691,1.768679,-0.718932,0.0,0.0,0.0,0.0,0.0
grpo1p7b|gpqa,grpo1p7b,gpqa,gpqa_reccVFW11Elovnf8T,48,0.257034,1.786173,-0.715343,0.0,0.0,0.2,0.2,0.1
grpo1p7b|gpqa,grpo1p7b,gpqa,gpqa_recclFbsjbaiVVnnV,49,0.245007,1.770599,-0.703253,0.0,0.0,0.0,0.0,0.0
grpo1p7b|gpqa,grpo1p7b,gpqa,gpqa_recdya6FuYraBU5Rh,47,0.254571,1.780376,-0.772729,0.1,0.0,0.2,0.0,0.1
grpo1p7b|gpqa,grpo1p7b,gpqa,gpqa_receYQxnUBvxPcvbQ,50,0.23294,1.778425,-0.819464,0.0,0.0,0.0,0.0,0.0
grpo1p7b|gpqa,grpo1p7b,gpqa,gpqa_receo3UUzRvWCqyfA,40,0.263503,1.815085,-0.73562,0.0,0.3,0.5,0.2,0.1
grpo1p7b|gpqa,grpo1p7b,gpqa,gpqa_recf6ayQmL1SxKbvW,48,0.293899,1.73273,-0.81027,0.0,0.0,0.0,0.0,0.0
grpo1p7b|gpqa,grpo1p7b,gpqa,gpqa_recfTlTMjZBuOducT,50,0.227402,1.768701,-0.791557,0.0,0.0,0.0,0.0,0.0
grpo1p7b|gpqa,grpo1p7b,gpqa,gpqa_recgC4GJ8wUemlUQD,49,0.292477,1.736614,-0.739298,0.0,0.0,0.0,0.0,0.0
grpo1p7b|gpqa,grpo1p7b,gpqa,gpqa_recgI6tUQ7RLJRWGx,46,0.226499,1.899023,-0.88946,0.9,0.8,0.4,0.5,0.9
grpo1p7b|gpqa,grpo1p7b,gpqa,gpqa_recgM7o1tcc7tP778,50,0.216914,1.775869,-0.712002,0.0,0.2,0.0,0.0,0.1
grpo1p7b|gpqa,grpo1p7b,gpqa,gpqa_recgXxEgllSGEpELP,49,0.174486,1.944419,-0.808478,0.0,0.0,0.0,0.0,0.0
grpo1p7b|gpqa,grpo1p7b,gpqa,gpqa_rechKl68Uc6H7vU0N,44,0.25981,1.761324,-0.780632,0.3,0.0,0.0,0.0,0.2
grpo1p7b|gpqa,grpo1p7b,gpqa,gpqa_rechgQucGlrnt8KRV,50,0.20628,1.855673,-0.751709,0.1,0.0,0.0,0.0,0.0
grpo1p7b|gpqa,grpo1p7b,gpqa,gpqa_rechtUKxC6G67H7Pr,4,0.22168,1.725391,-0.682428,1.0,0.75,1.0,0.75,0.75
grpo1p7b|gpqa,grpo1p7b,gpqa,gpqa_recihePFulRgNKsIn,34,0.260484,1.76569,-0.70206,0.1,0.4,0.3,0.0,0.1
grpo1p7b|gpqa,grpo1p7b,gpqa,gpqa_reciuppdQde4FGX1z,49,0.225267,1.797484,-0.833733,0.0,0.0,0.0,0.0,0.0
grpo1p7b|gpqa,grpo1p7b,gpqa,gpqa_recixxJmdux0d8LZQ,50,0.268245,1.758053,-0.757915,0.1,0.2,0.0,0.0,0.0
grpo1p7b|gpqa,grpo1p7b,gpqa,gpqa_recjJ54TXc04enRkZ,50,0.268203,1.709008,-0.783943,0.0,0.1,0.0,0.0,0.0
grpo1p7b|gpqa,grpo1p7b,gpqa,gpqa_recjgMJaMxz4ESDF2,50,0.225547,1.804968,-0.782891,0.0,0.0,0.0,0.0,0.0
grpo1p7b|gpqa,grpo1p7b,gpqa,gpqa_reck1zKeCssmN82Ga,50,0.281055,1.768888,-0.805604,0.1,0.0,0.2,0.0,0.0
grpo1p7b|gpqa,grpo1p7b,gpqa,gpqa_reck4G4xxv3YnpbtQ,43,0.285111,1.746487,-0.657319,0.4,0.4,0.3,0.2,0.2
grpo1p7b|gpqa,grpo1p7b,gpqa,gpqa_reckEnrOPFT9Ru7tW,50,0.221973,1.813906,-0.765165,0.0,0.0,0.0,0.0,0.0
grpo1p7b|gpqa,grpo1p7b,gpqa,gpqa_reckYqR92oJkqJXkE,48,0.208826,1.803831,-0.842158,0.2,0.0,0.1,0.0,0.1
grpo1p7b|gpqa,grpo1p7b,gpqa,gpqa_reckl6PkaEMWM50yZ,50,0.2214,1.788623,-0.688882,0.0,0.0,0.0,0.0,0.1
grpo1p7b|gpqa,grpo1p7b,gpqa,gpqa_recl1UtgTVKishAq4,50,0.262285,1.722595,-0.732022,0.0,0.0,0.0,0.0,0.0
grpo1p7b|gpqa,grpo1p7b,gpqa,gpqa_recmI7EiLv72PxmYK,50,0.173284,1.926721,-0.816811,0.0,0.0,0.0,0.0,0.0
grpo1p7b|gpqa,grpo1p7b,gpqa,gpqa_recmkvk6EFAmqyMxR,50,0.24334,1.726515,-0.809118,0.0,0.0,0.1,0.0,0.0
grpo1p7b|gpqa,grpo1p7b,gpqa,gpqa_recmwwQJnx7ll7bqL,17,0.201861,1.866645,-0.77422,1.0,1.0,0.9,0.9,0.7
grpo1p7b|gpqa,grpo1p7b,gpqa,gpqa_recn3NhOhqAPLda16,43,0.254951,1.817115,-0.870089,0.4,0.2,0.1,0.3,0.1
grpo1p7b|gpqa,grpo1p7b,gpqa,gpqa_recnGEpF1srQpaqWq,49,0.24424,1.957106,-1.02183,0.0,0.0,0.0,0.0,0.0
grpo1p7b|gpqa,grpo1p7b,gpqa,gpqa_recnTTKdBzfuoZ7w7,44,0.287243,1.715861,-0.693629,0.1,0.1,0.1,0.2,0.3
grpo1p7b|gpqa,grpo1p7b,gpqa,gpqa_recnawZPumSCLMVgp,40,0.263306,1.770053,-0.807546,0.3,0.3,0.2,0.2,0.4
grpo1p7b|gpqa,grpo1p7b,gpqa,gpqa_recnjViFrqlZNL3fY,50,0.277559,1.806251,-0.828463,0.0,0.0,0.0,0.1,0.0
grpo1p7b|gpqa,grpo1p7b,gpqa,gpqa_reco8WSc71p8zAv4q,50,0.22541,1.990562,-0.888862,0.0,0.0,0.0,0.0,0.0
grpo1p7b|gpqa,grpo1p7b,gpqa,gpqa_recoiTJPGUmzAkief,49,0.316287,1.73807,-0.786381,0.0,0.1,0.3,0.1,0.0
grpo1p7b|gpqa,grpo1p7b,gpqa,gpqa_recooG6bivTUJpDBz,14,0.220773,1.838604,-0.736142,0.6,0.8,0.7,0.7,0.8
grpo1p7b|gpqa,grpo1p7b,gpqa,gpqa_recoy9ZLBsc7HIRBy,47,0.181977,1.867592,-0.797475,0.1,0.0,0.0,0.1,0.0
grpo1p7b|gpqa,grpo1p7b,gpqa,gpqa_recpJmTOXx6T48nDJ,47,0.162026,1.954519,-0.759064,0.2,0.1,0.1,0.3,0.1
grpo1p7b|gpqa,grpo1p7b,gpqa,gpqa_recpki12iG9RUGrz9,47,0.250629,1.788011,-0.679728,0.2,0.0,0.2,0.2,0.0
grpo1p7b|gpqa,grpo1p7b,gpqa,gpqa_recqFDvYKKRmbnoUb,49,0.231698,1.822811,-0.862714,0.0,0.0,0.0,0.0,0.0
grpo1p7b|gpqa,grpo1p7b,gpqa,gpqa_recqGD3fxPCI59vPQ,50,0.23584,1.868713,-0.80001,0.0,0.0,0.0,0.0,0.0
grpo1p7b|gpqa,grpo1p7b,gpqa,gpqa_recqLRu4BcJvlSANc,7,0.260045,1.775764,-0.797756,1.0,1.0,1.0,1.0,1.0
grpo1p7b|gpqa,grpo1p7b,gpqa,gpqa_recr3VHM4zYf6dMFY,48,0.293864,1.743121,-0.792263,0.1,0.0,0.2,0.0,0.1
grpo1p7b|gpqa,grpo1p7b,gpqa,gpqa_recrHBEJJoDTV05JR,50,0.211543,1.806945,-0.781918,0.0,0.0,0.0,0.0,0.0
grpo1p7b|gpqa,grpo1p7b,gpqa,gpqa_recrNbtgTNoabJJi6,50,0.210898,1.759968,-0.717708,0.0,0.0,0.0,0.0,0.0
grpo1p7b|gpqa,grpo1p7b,gpqa,gpqa_recrs0kUo7Ua1xhKO,43,0.23601,1.794516,-0.699794,0.5,0.4,0.4,0.5,0.7
grpo1p7b|gpqa,grpo1p7b,gpqa,gpqa_recs3PLPUEMiqg4P8,49,0.22431,1.860706,-0.748905,0.0,0.2,0.0,0.1,0.1
grpo1p7b|gpqa,grpo1p7b,gpqa,gpqa_rect4iLrSfUwkNTno,50,0.242133,1.863559,-0.764166,0.0,0.0,0.0,0.0,0.0
grpo1p7b|gpqa,grpo1p7b,gpqa,gpqa_rectXfsCM1dj4Kv2c,50,0.202852,1.877014,-0.704698,0.0,0.0,0.0,0.0,0.0
grpo1p7b|gpqa,grpo1p7b,gpqa,gpqa_rectlyG9pCAAuWhoB,49,0.26716,1.754299,-0.665935,0.2,0.1,0.1,0.0,0.1
grpo1p7b|gpqa,grpo1p7b,gpqa,gpqa_recuYEkVjdVUwA3c0,9,0.259657,1.739201,-0.821059,0.777778,1.0,0.777778,0.777778,1.0
grpo1p7b|gpqa,grpo1p7b,gpqa,gpqa_recuyeuT5rQ6qDt8F,50,0.187751,1.895945,-0.77481,0.0,0.1,0.1,0.0,0.0
grpo1p7b|gpqa,grpo1p7b,gpqa,gpqa_recv7GsQg3f0fvB1f,45,0.244206,1.726494,-0.795105,0.4,0.6,0.0,0.2,0.5
grpo1p7b|gpqa,grpo1p7b,gpqa,gpqa_recvZlMbpPz0yLDle,50,0.284004,1.714491,-0.727524,0.1,0.1,0.0,0.1,0.0
grpo1p7b|gpqa,grpo1p7b,gpqa,gpqa_recvlnu8BuLmXZhSX,50,0.206328,1.795071,-0.779732,0.0,0.0,0.0,0.0,0.0
grpo1p7b|gpqa,grpo1p7b,gpqa,gpqa_recw4rROcnHKNZhtK,29,0.27173,1.819985,-0.839743,0.8,0.8,0.7,0.8,0.9
grpo1p7b|gpqa,grpo1p7b,gpqa,gpqa_recwW1A85nfyQpReG,50,0.175033,1.904702,-0.871104,0.0,0.0,0.0,0.0,0.0
grpo1p7b|gpqa,grpo1p7b,gpqa,gpqa_recwlwlcPvXVNPmvl,50,0.152051,1.935674,-0.791964,0.4,0.2,0.4,0.1,0.4
grpo1p7b|gpqa,grpo1p7b,gpqa,gpqa_recxTy0x7M6T9ikc0,45,0.272092,1.79753,-0.679311,0.2,0.1,0.0,0.3,0.0
grpo1p7b|gpqa,grpo1p7b,gpqa,gpqa_recxsX66ktJ1Lwt4f,49,0.214449,1.851743,-0.872359,0.0,0.0,0.0,0.0,0.1
grpo1p7b|gpqa,grpo1p7b,gpqa,gpqa_recyPffUDqC2k7ZZO,47,0.197494,1.86625,-0.787078,0.8,0.7,0.5,0.7,0.7
grpo1p7b|gpqa,grpo1p7b,gpqa,gpqa_recyl3usDqb7ruXJx,50,0.249355,1.743296,-0.779986,0.0,0.0,0.0,0.0,0.0
grpo1p7b|gpqa,grpo1p7b,gpqa,gpqa_recypVp2NmPlBKVTp,14,0.289481,1.77157,-0.747701,1.0,0.8,0.9,1.0,1.0
grpo1p7b|gpqa,grpo1p7b,gpqa,gpqa_recyrk6XBVwugG5u8,50,0.222559,1.805026,-0.737022,0.0,0.0,0.0,0.0,0.0
grpo1p7b|gpqa,grpo1p7b,gpqa,gpqa_recywRj5a8EEjj2Ib,40,0.237085,1.812816,-0.794242,0.5,0.3,0.2,0.5,0.4
grpo1p7b|gpqa,grpo1p7b,gpqa,gpqa_recz3MfYHPRhsEQkW,50,0.27815,1.72444,-0.708052,0.0,0.0,0.0,0.0,0.0
grpo1p7b|gpqa,grpo1p7b,gpqa,gpqa_reczQ4I0VpENdMtIj,46,0.239088,1.79819,-0.853813,0.2,0.3,0.3,0.1,0.4
grpo1p7b|gpqa,grpo1p7b,gpqa,gpqa_reczUoM8JsxU6pYxr,50,0.24476,1.817681,-0.76001,0.0,0.0,0.0,0.0,0.0
grpo1p7b|gpqa,grpo1p7b,gpqa,gpqa_reczjcMtrB1YGS2fO,50,0.201137,1.848625,-0.761534,0.0,0.0,0.0,0.0,0.0
grpo1p7b|gpqa,grpo1p7b,gpqa,gpqa_reczkBiPPNrNN49Hp,50,0.19782,1.870298,-0.806824,0.0,0.0,0.0,0.0,0.0
grpo1p7b|gpqa,grpo1p7b,gpqa,gpqa_reczzzihL7btBH7RO,50,0.264492,1.75281,-0.753357,0.0,0.2,0.0,0.1,0.2
sft0p6b|gpqa,sft0p6b,gpqa,gpqa_rec06pnAkLOr2t2mp,20,0.778594,2.36247,-0.541311,0.0,0.0,0.0,0.1,0.3
sft0p6b|gpqa,sft0p6b,gpqa,gpqa_rec0Arme2jcXQZnAW,20,0.785645,2.332426,-0.436211,0.1,0.1,0.0,0.0,0.0
sft0p6b|gpqa,sft0p6b,gpqa,gpqa_rec0VuKUjt1SZ7NYv,19,0.797543,2.371316,-0.470588,0.0,0.0,0.0,0.0,0.0
sft0p6b|gpqa,sft0p6b,gpqa,gpqa_rec0wZvZgiz320KRs,20,0.700033,2.4278,-0.566577,0.0,0.0,0.0,0.0,0.0
sft0p6b|gpqa,sft0p6b,gpqa,gpqa_rec0yTRmO1o1xCA6H,9,0.857422,2.337925,-0.535346,0.222222,0.444444,0.444444,0.333333,0.0
sft0p6b|gpqa,sft0p6b,gpqa,gpqa_rec1oj2DveQWl9Rpw,20,0.668848,2.44889,-0.558686,0.0,0.0,0.0,0.2,0.0
sft0p6b|gpqa,sft0p6b,gpqa,gpqa_rec1zl5LvaatzGhFt,20,0.707553,2.415122,-0.550475,0.0,0.0,0.0,0.0,0.0
sft0p6b|gpqa,sft0p6b,gpqa,gpqa_rec260hNUCEj109Dj,20,0.812687,2.389983,-0.529985,0.0,0.0,0.0,0.0,0.0
sft0p6b|gpqa,sft0p6b,gpqa,gpqa_rec2UlKqC6RFHdcro,17,0.856388,2.300374,-0.498795,0.0,0.0,0.0,0.0,0.0
sft0p6b|gpqa,sft0p6b,gpqa,gpqa_rec2ZTsqazBZ3LTWZ,19,0.754523,2.359359,-0.438821,0.1,0.2,0.1,0.1,0.0
sft0p6b|gpqa,sft0p6b,gpqa,gpqa_rec2fsnzUuvNtUYK8,11,0.794723,2.36553,-0.488271,0.3,0.8,0.4,0.5,0.4
sft0p6b|gpqa,sft0p6b,gpqa,gpqa_rec32C1ZEapBnCC0E,20,0.81748,2.357058,-0.652871,0.0,0.0,0.0,0.0,0.0
sft0p6b|gpqa,sft0p6b,gpqa,gpqa_rec47oNPXudlTIk4y,19,0.838794,2.34793,-0.475283,0.2,0.2,0.7,0.4,0.4
sft0p6b|gpqa,sft0p6b,gpqa,gpqa_rec4JrWy7Il8ho5vk,18,0.852376,2.352193,-0.530345,0.1,0.1,0.0,0.0,0.4
sft0p6b|gpqa,sft0p6b,gpqa,gpqa_rec4L69T0Y1AS4AFS,16,0.795209,2.388141,-0.459613,0.2,0.3,0.2,0.1,0.0
sft0p6b|gpqa,sft0p6b,gpqa,gpqa_rec4UqStf9WUVif1f,19,0.763312,2.374348,-0.524789,0.0,0.0,0.0,0.0,0.0
sft0p6b|gpqa,sft0p6b,gpqa,gpqa_rec4r4KWNLrT7g2kR,14,0.82966,2.324405,-0.512759,0.1,0.2,0.3,0.3,0.3
sft0p6b|gpqa,sft0p6b,gpqa,gpqa_rec527dNeEtWJrYNl,17,0.894011,2.269032,-0.330709,0.3,0.3,0.3,0.6,0.8
sft0p6b|gpqa,sft0p6b,gpqa,gpqa_rec5eA17Qr1ucNLUf,19,0.824405,2.354845,-0.511872,0.0,0.0,0.0,0.0,0.0
sft0p6b|gpqa,sft0p6b,gpqa,gpqa_rec5rjeLsEq5Fg7Oj,19,0.805458,2.377736,-0.531489,0.1,0.0,0.5,0.3,0.3
sft0p6b|gpqa,sft0p6b,gpqa,gpqa_rec6sE2CRtD4drtHg,19,0.852934,2.297003,-0.443294,0.1,0.1,0.2,0.2,0.6
sft0p6b|gpqa,sft0p6b,gpqa,gpqa_rec7C06XOB2h298ue,17,0.777179,2.368823,-0.626618,0.0,0.1,0.1,0.1,0.0
sft0p6b|gpqa,sft0p6b,gpqa,gpqa_rec7qmSnbud4FHSqL,20,0.724805,2.404487,-0.483419,0.0,0.0,0.0,0.0,0.0
sft0p6b|gpqa,sft0p6b,gpqa,gpqa_rec8nshandHARTkrg,15,0.815467,2.346479,-0.39553,0.2,0.1,0.1,0.3,0.3
sft0p6b|gpqa,sft0p6b,gpqa,gpqa_rec8y3ZrBOcLgNEkE,9,0.797092,2.358697,-0.453746,0.555556,0.666667,0.444444,0.222222,0.777778
sft0p6b|gpqa,sft0p6b,gpqa,gpqa_rec9GugrngvsQR99A,11,0.780736,2.366438,-0.402985,0.4,0.5,0.3,0.6,0.6
sft0p6b|gpqa,sft0p6b,gpqa,gpqa_rec9W28HgpEUeUN8k,20,0.762602,2.400739,-0.501862,0.0,0.0,0.0,0.0,0.0
sft0p6b|gpqa,sft0p6b,gpqa,gpqa_rec9ubQihAh6g9bft,14,0.867112,2.234767,-0.443755,0.2,0.5,0.3,0.2,0.0
sft0p6b|gpqa,sft0p6b,gpqa,gpqa_recA1i5ZAh0Uzclxp,16,0.83728,2.342003,-0.448463,0.0,0.0,0.0,0.1,0.2
sft0p6b|gpqa,sft0p6b,gpqa,gpqa_recAAJoHMW45Lv5je,20,0.856348,2.304433,-0.395225,0.0,0.0,0.0,0.0,0.0
sft0p6b|gpqa,sft0p6b,gpqa,gpqa_recAYkd96NNuNl1Ei,20,0.797664,2.253812,-0.709329,0.2,0.0,0.0,0.1,0.1
sft0p6b|gpqa,sft0p6b,gpqa,gpqa_recBGxVySx1pkrO1i,19,0.770195,2.396851,-0.415962,0.4,0.0,0.1,0.2,0.0
sft0p6b|gpqa,sft0p6b,gpqa,gpqa_recBXlqrZUCR897It,20,0.817436,2.355584,-0.450752,0.1,0.0,0.2,0.0,0.0
sft0p6b|gpqa,sft0p6b,gpqa,gpqa_recBhnXrUyTJ6WHIR,20,0.902452,2.293784,-0.472009,0.1,0.0,0.0,0.2,0.0
sft0p6b|gpqa,sft0p6b,gpqa,gpqa_recBtVK8rBVtIlXDq,4,0.874426,2.289265,-0.715954,0.25,0.25,0.5,0.25,0.5
sft0p6b|gpqa,sft0p6b,gpqa,gpqa_recCJJOeBGERaHYax,18,0.792287,2.361248,-0.517268,0.1,0.2,0.1,0.2,0.4
sft0p6b|gpqa,sft0p6b,gpqa,gpqa_recD8oX1KevFbl7bL,20,0.83246,2.371878,-0.496448,0.0,0.0,0.0,0.0,0.0
sft0p6b|gpqa,sft0p6b,gpqa,gpqa_recDDxpS9s8cwkqfq,14,0.812674,2.328037,-0.530839,0.0,0.0,0.0,0.1,0.0
sft0p6b|gpqa,sft0p6b,gpqa,gpqa_recDj2Y2BbtV02Wv5,15,0.815299,2.334675,-0.453214,0.3,0.0,0.2,0.2,0.5
sft0p6b|gpqa,sft0p6b,gpqa,gpqa_recDytVnNYZe2HuUU,19,0.655119,2.443541,-0.564764,0.0,0.0,0.0,0.0,0.0
sft0p6b|gpqa,sft0p6b,gpqa,gpqa_recE2ihVfqEK4R9d0,20,0.82583,2.325827,-0.607692,0.1,0.0,0.0,0.0,0.0
sft0p6b|gpqa,sft0p6b,gpqa,gpqa_recEmTBhx2hgw6tPQ,18,0.765978,2.346128,-0.400717,0.4,0.3,0.4,0.6,0.3
sft0p6b|gpqa,sft0p6b,gpqa,gpqa_recFaL6j8UMhutXrc,17,0.815717,2.3675,-0.46339,0.5,0.4,0.6,0.5,0.1
sft0p6b|gpqa,sft0p6b,gpqa,gpqa_recG1ljJQcVy6CbSl,19,0.775853,2.374796,-0.533398,0.0,0.1,0.0,0.0,0.0
sft0p6b|gpqa,sft0p6b,gpqa,gpqa_recGFKDUd8qgz81Zl,12,0.852698,2.269852,-0.437307,0.1,0.0,0.1,0.0,0.2
sft0p6b|gpqa,sft0p6b,gpqa,gpqa_recGFNRVl1qBZGwyU,14,0.853725,2.317348,-0.547159,0.4,0.2,0.4,0.4,0.2
sft0p6b|gpqa,sft0p6b,gpqa,gpqa_recGee5m84dg5FZkc,20,0.86792,2.324289,-0.464409,0.0,0.0,0.0,0.0,0.0
sft0p6b|gpqa,sft0p6b,gpqa,gpqa_recHVUd2DkoKfedJZ,20,0.820944,2.308619,-0.570277,0.1,0.0,0.0,0.0,0.0
sft0p6b|gpqa,sft0p6b,gpqa,gpqa_recI1ls9OXdxatHQn,19,0.764134,2.385046,-0.616609,0.1,0.0,0.1,0.0,0.1
sft0p6b|gpqa,sft0p6b,gpqa,gpqa_recIDiDKKrN61Auyr,20,0.813755,2.294715,-0.47741,0.0,0.0,0.1,0.1,0.0
sft0p6b|gpqa,sft0p6b,gpqa,gpqa_recIIUynGGpsGEYuo,18,0.854438,2.374601,-0.573737,0.1,0.2,0.0,0.0,0.0
sft0p6b|gpqa,sft0p6b,gpqa,gpqa_recIMcQfaQNa6vzsT,20,0.759717,2.371761,-0.465759,0.2,0.1,0.0,0.0,0.0
sft0p6b|gpqa,sft0p6b,gpqa,gpqa_recINGR1z01Fh1Z3A,19,0.803043,2.359095,-0.525406,0.2,0.1,0.0,0.0,0.1
sft0p6b|gpqa,sft0p6b,gpqa,gpqa_recINSFEYLCyyd08m,18,0.809724,2.390407,-0.63711,0.1,0.0,0.0,0.0,0.3
sft0p6b|gpqa,sft0p6b,gpqa,gpqa_recIOlKBsOeEcgkA1,15,0.85054,2.269067,-0.533233,0.3,0.0,0.3,0.2,0.2
sft0p6b|gpqa,sft0p6b,gpqa,gpqa_recIj8lR4tuDgrHou,20,0.793408,2.355175,-0.551058,0.0,0.0,0.0,0.0,0.0
sft0p6b|gpqa,sft0p6b,gpqa,gpqa_recIlghoOw5VbY4Zh,20,0.828662,2.346155,-0.557395,0.0,0.0,0.0,0.0,0.0
sft0p6b|gpqa,sft0p6b,gpqa,gpqa_recJJcOHhFeSaRpl4,19,0.765922,2.403614,-0.464041,0.3,0.5,0.2,0.1,0.0
sft0p6b|gpqa,sft0p6b,gpqa,gpqa_recJZ3QEfRKjYw9a7,20,0.81543,2.303167,-0.468701,0.1,0.1,0.0,0.2,0.0
sft0p6b|gpqa,sft0p6b,gpqa,gpqa_recJpyGtGIsxulevT,17,0.637571,2.458502,-0.588083,0.1,0.1,0.0,0.0,0.0
sft0p6b|gpqa,sft0p6b,gpqa,gpqa_recK9F5aqdaybl8bb,17,0.799565,2.345377,-0.320019,0.4,0.2,0.2,0.2,0.1
sft0p6b|gpqa,sft0p6b,gpqa,gpqa_recKcjTwONILZqHAX,19,0.768473,2.332384,-0.512406,0.1,0.0,0.3,0.0,0.0
sft0p6b|gpqa,sft0p6b,gpqa,gpqa_recKm6LNWykGapmCr,20,0.860303,2.33296,-0.563595,0.2,0.0,0.2,0.0,0.0
sft0p6b|gpqa,sft0p6b,gpqa,gpqa_recKv4hFyNpViUXnL,20,0.824268,2.354405,-0.46667,0.0,0.0,0.0,0.0,0.0
sft0p6b|gpqa,sft0p6b,gpqa,gpqa_recL9MFV5zmdlle5T,18,0.853244,2.289357,-0.533511,0.1,0.1,0.0,0.0,0.0
sft0p6b|gpqa,sft0p6b,gpqa,gpqa_recLAgwx9vbgB5EHk,15,0.753776,2.377114,-0.528565,0.3,0.1,0.0,0.1,0.2
sft0p6b|gpqa,sft0p6b,gpqa,gpqa_recLB0EkQ54bYVhnd,20,0.715042,2.397451,-0.584733,0.0,0.0,0.0,0.0,0.0
sft0p6b|gpqa,sft0p6b,gpqa,gpqa_recLSzwBUS3olCjhl,20,0.806732,2.332523,-0.514407,0.0,0.0,0.1,0.3,0.0
sft0p6b|gpqa,sft0p6b,gpqa,gpqa_recLrRirj7iXoB0rU,18,0.749349,2.383526,-0.520229,0.0,0.0,0.1,0.1,0.0
sft0p6b|gpqa,sft0p6b,gpqa,gpqa_recMicVBcqy1xM1jq,19,0.834224,2.343634,-0.449424,0.0,0.0,0.0,0.0,0.0
sft0p6b|gpqa,sft0p6b,gpqa,gpqa_recN4DY9Q5V03glmQ,20,0.801465,2.46221,-0.510935,0.0,0.0,0.0,0.0,0.0
sft0p6b|gpqa,sft0p6b,gpqa,gpqa_recNAiPUKOulQbKVP,19,0.830094,2.237371,-0.449764,0.1,0.2,0.3,0.4,0.4
sft0p6b|gpqa,sft0p6b,gpqa,gpqa_recNFJjE5PPTqVJGv,20,0.654102,2.458564,-0.555398,0.0,0.0,0.0,0.1,0.0
sft0p6b|gpqa,sft0p6b,gpqa,gpqa_recNu3MXkvWUzHZr9,20,0.768592,2.416243,-0.624973,0.0,0.0,0.1,0.0,0.0
sft0p6b|gpqa,sft0p6b,gpqa,gpqa_recNuT2oSnO86bxOx,19,0.818719,2.327043,-0.483493,0.0,0.1,0.0,0.0,0.6
sft0p6b|gpqa,sft0p6b,gpqa,gpqa_recO3hvCWRGiG0odN,17,0.84869,2.338037,-0.537227,0.1,0.3,0.3,0.1,0.0
sft0p6b|gpqa,sft0p6b,gpqa,gpqa_recOYsaYs6RmtlTDy,20,0.830176,2.357735,-0.496991,0.0,0.0,0.1,0.0,0.0
sft0p6b|gpqa,sft0p6b,gpqa,gpqa_recOkA2zsy4GSMD9R,20,0.809473,2.35865,-0.458244,0.1,0.1,0.1,0.0,0.0
sft0p6b|gpqa,sft0p6b,gpqa,gpqa_recOvqPKUtyy9ISA1,11,0.806653,2.335056,-0.523097,0.2,0.6,0.8,0.6,0.4
sft0p6b|gpqa,sft0p6b,gpqa,gpqa_recPIzpnuYpB4yvmp,20,0.694482,2.390944,-0.573313,0.0,0.0,0.0,0.0,0.0
sft0p6b|gpqa,sft0p6b,gpqa,gpqa_recPL4ZPpVYxgMu57,10,0.797706,2.337688,-0.515502,0.1,0.2,0.2,0.2,0.1
sft0p6b|gpqa,sft0p6b,gpqa,gpqa_recPSTGXK3P39yNYT,20,0.806895,2.36344,-0.524486,0.0,0.0,0.0,0.0,0.0
sft0p6b|gpqa,sft0p6b,gpqa,gpqa_recPzW1WqRnPs57D6,16,0.879333,2.34773,-0.560536,0.1,0.3,0.0,0.0,0.0
sft0p6b|gpqa,sft0p6b,gpqa,gpqa_recQ8oxSY2aCwFRS8,20,0.79021,2.346756,-0.478633,0.0,0.0,0.0,0.0,0.0
sft0p6b|gpqa,sft0p6b,gpqa,gpqa_recQiWOxhkXRz9NVE,18,0.838172,2.312766,-0.485372,0.1,0.2,0.1,0.2,0.0
sft0p6b|gpqa,sft0p6b,gpqa,gpqa_recRTiyaRymerDJ4y,20,0.758669,2.352449,-0.539589,0.1,0.0,0.0,0.0,0.0
sft0p6b|gpqa,sft0p6b,gpqa,gpqa_recRZjaElf8ft7xTq,17,0.765586,2.384975,-0.54876,0.1,0.2,0.2,0.1,0.3
sft0p6b|gpqa,sft0p6b,gpqa,gpqa_recReg13iV2HwJTaA,20,0.823512,2.3743,-0.493387,0.0,0.0,0.0,0.0,0.0
sft0p6b|gpqa,sft0p6b,gpqa,gpqa_recRgabRzMaEoBRcM,18,0.762222,2.361439,-0.47159,0.0,0.1,0.1,0.0,0.0
sft0p6b|gpqa,sft0p6b,gpqa,gpqa_recRhwQwHijW0gCLo,18,0.696398,2.411106,-0.486076,0.1,0.3,0.2,0.1,0.2
sft0p6b|gpqa,sft0p6b,gpqa,gpqa_recS48OsU6kVadBPW,13,0.655799,2.440029,-0.562263,0.4,0.1,0.2,0.2,0.4
sft0p6b|gpqa,sft0p6b,gpqa,gpqa_recSBcGLPatKb3Ygu,20,0.73916,2.399708,-0.53501,0.0,0.2,0.0,0.0,0.1
sft0p6b|gpqa,sft0p6b,gpqa,gpqa_recTs7qzfJs6kfLUK,19,0.602539,2.438851,-0.509403,0.1,0.4,0.1,0.1,0.1
sft0p6b|gpqa,sft0p6b,gpqa,gpqa_recUBgVlkKzcRPDdK,13,0.818686,2.29933,-0.596485,0.6,0.4,0.2,0.6,0.0
sft0p6b|gpqa,sft0p6b,gpqa,gpqa_recUOePh79cp4T2Bg,19,0.801796,2.335963,-0.345751,0.0,0.1,0.0,0.0,0.0
sft0p6b|gpqa,sft0p6b,gpqa,gpqa_recUc29lMDBEvurYo,20,0.840527,2.328333,-0.580665,0.0,0.0,0.0,0.0,0.1
sft0p6b|gpqa,sft0p6b,gpqa,gpqa_recV1nqYQvpII94oC,15,0.897005,2.330978,-0.539902,0.1,0.1,0.1,0.0,0.1
sft0p6b|gpqa,sft0p6b,gpqa,gpqa_recVE8cUNHpHZIAvL,20,0.843701,2.31558,-0.478805,0.0,0.0,0.2,0.0,0.1
sft0p6b|gpqa,sft0p6b,gpqa,gpqa_recVEXvhYxAhELVqB,18,0.654912,2.463803,-0.442123,0.3,0.2,0.1,0.0,0.0
sft0p6b|gpqa,sft0p6b,gpqa,gpqa_recVvpD8miVjmmyfe,20,0.674072,2.402417,-0.446421,0.0,0.0,0.0,0.0,0.0
sft0p6b|gpqa,sft0p6b,gpqa,gpqa_recWPMm91mGDLXONm,43,0.792128,2.354474,-0.445643,0.2,0.2,0.3,0.2,0.3
sft0p6b|gpqa,sft0p6b,gpqa,gpqa_recWXwn9v4IG9ZrM6,34,0.832486,2.315652,-0.494071,0.1,0.2,0.2,0.3,0.4
sft0p6b|gpqa,sft0p6b,gpqa,gpqa_recWxGU8Q4YReJ1tb,47,0.789571,2.33875,-0.493041,0.2,0.1,0.2,0.2,0.1
sft0p6b|gpqa,sft0p6b,gpqa,gpqa_recWzUUYBN0NuXO2k,49,0.675482,2.456175,-0.578638,0.0,0.1,0.1,0.1,0.1
sft0p6b|gpqa,sft0p6b,gpqa,gpqa_recXsYa3i2UhGF5fe,50,0.789609,2.363941,-0.4823,0.0,0.0,0.2,0.0,0.0
sft0p6b|gpqa,sft0p6b,gpqa,gpqa_recXsuOHRBLcyenF2,28,0.881729,2.25296,-0.591139,0.2,0.2,0.1,0.1,0.3
sft0p6b|gpqa,sft0p6b,gpqa,gpqa_recXvQ6gWAmyakrpD,46,0.827822,2.351729,-0.522593,0.0,0.0,0.0,0.1,0.0
sft0p6b|gpqa,sft0p6b,gpqa,gpqa_recYA3LPsCvF1fTMI,49,0.844875,2.3355,-0.493682,0.0,0.1,0.0,0.0,0.0
sft0p6b|gpqa,sft0p6b,gpqa,gpqa_recYCMJWH7IpcdqwE,46,0.798039,2.358406,-0.483225,0.4,0.1,0.1,0.4,0.6
sft0p6b|gpqa,sft0p6b,gpqa,gpqa_recYOzCsevNz61Lyn,45,0.769309,2.340695,-0.460983,0.3,0.2,0.1,0.2,0.0
sft0p6b|gpqa,sft0p6b,gpqa,gpqa_recYt8xx80OTyDsL0,33,0.872801,2.239938,-0.462586,0.4,0.1,0.2,0.4,0.3
sft0p6b|gpqa,sft0p6b,gpqa,gpqa_recZ13cwgDQf9jRd9,47,0.785802,2.330726,-0.483194,0.2,0.0,0.1,0.1,0.0
sft0p6b|gpqa,sft0p6b,gpqa,gpqa_recZSGUkn56v9kEp1,50,0.831129,2.352788,-0.450199,0.0,0.0,0.2,0.0,0.0
sft0p6b|gpqa,sft0p6b,gpqa,gpqa_recZWeueB7lSPR6wN,45,0.815805,2.315104,-0.464359,0.1,0.0,0.2,0.1,0.1
sft0p6b|gpqa,sft0p6b,gpqa,gpqa_recZbxrocrxh9YENH,21,0.860631,2.322658,-0.570195,0.5,0.4,0.3,0.2,0.4
sft0p6b|gpqa,sft0p6b,gpqa,gpqa_recZdZxsN0AxDx0pB,45,0.763911,2.364452,-0.47564,0.3,0.6,0.3,0.5,0.1
sft0p6b|gpqa,sft0p6b,gpqa,gpqa_recZt4x514UQNnsgy,37,0.749491,2.373652,-0.458582,0.3,0.2,0.1,0.2,0.1
sft0p6b|gpqa,sft0p6b,gpqa,gpqa_reca44yABeO2fx7UB,47,0.826513,2.349541,-0.469431,0.1,0.0,0.1,0.0,0.0
sft0p6b|gpqa,sft0p6b,gpqa,gpqa_recaXdGn3FAIkxLGM,34,0.756692,2.399004,-0.527469,0.0,0.2,0.0,0.1,0.0
sft0p6b|gpqa,sft0p6b,gpqa,gpqa_recafnH3RRnMBXEb1,50,0.861192,2.307249,-0.415697,0.1,0.2,0.3,0.0,0.0
sft0p6b|gpqa,sft0p6b,gpqa,gpqa_recakFKZioXUuldcd,45,0.805925,2.317166,-0.484041,0.0,0.1,0.1,0.3,0.3
sft0p6b|gpqa,sft0p6b,gpqa,gpqa_recatj4YXzbOaq3Ar,47,0.823595,2.350687,-0.502333,0.2,0.1,0.4,0.4,0.1
sft0p6b|gpqa,sft0p6b,gpqa,gpqa_recb2M22zaD3tL6Qc,38,0.795046,2.359755,-0.446945,0.1,0.1,0.3,0.1,0.3
sft0p6b|gpqa,sft0p6b,gpqa,gpqa_recb4cGsC6BJUCU3V,34,0.812806,2.319627,-0.46978,0.0,0.3,0.4,0.2,0.4
sft0p6b|gpqa,sft0p6b,gpqa,gpqa_recb80OwMgNnceA9t,49,0.791709,2.374371,-0.457812,0.1,0.2,0.1,0.0,0.0
sft0p6b|gpqa,sft0p6b,gpqa,gpqa_reccOKzFNmyqeJ6ry,50,0.796429,2.338088,-0.420968,0.3,0.3,0.1,0.1,0.3
sft0p6b|gpqa,sft0p6b,gpqa,gpqa_reccVBrYdwsB84fGy,46,0.779831,2.344998,-0.498169,0.0,0.0,0.0,0.0,0.0
sft0p6b|gpqa,sft0p6b,gpqa,gpqa_reccVFW11Elovnf8T,42,0.842801,2.358091,-0.476094,0.2,0.2,0.4,0.1,0.3
sft0p6b|gpqa,sft0p6b,gpqa,gpqa_recclFbsjbaiVVnnV,47,0.782573,2.359214,-0.481872,0.3,0.1,0.0,0.1,0.3
sft0p6b|gpqa,sft0p6b,gpqa,gpqa_recdya6FuYraBU5Rh,50,0.834197,2.358718,-0.450197,0.1,0.0,0.1,0.0,0.0
sft0p6b|gpqa,sft0p6b,gpqa,gpqa_receYQxnUBvxPcvbQ,48,0.844602,2.331139,-0.517325,0.0,0.0,0.0,0.0,0.0
sft0p6b|gpqa,sft0p6b,gpqa,gpqa_receo3UUzRvWCqyfA,21,0.803059,2.326771,-0.490035,0.6,0.1,0.4,0.4,0.5
sft0p6b|gpqa,sft0p6b,gpqa,gpqa_recf6ayQmL1SxKbvW,33,0.844166,2.252609,-0.605679,1.0,0.7,0.5,0.9,0.6
sft0p6b|gpqa,sft0p6b,gpqa,gpqa_recfTlTMjZBuOducT,50,0.756211,2.415834,-0.517167,0.1,0.1,0.0,0.0,0.1
sft0p6b|gpqa,sft0p6b,gpqa,gpqa_recgC4GJ8wUemlUQD,50,0.855295,2.264773,-0.45228,0.0,0.0,0.0,0.0,0.0
sft0p6b|gpqa,sft0p6b,gpqa,gpqa_recgI6tUQ7RLJRWGx,42,0.827666,2.360238,-0.462617,0.0,0.4,0.3,0.6,0.3
sft0p6b|gpqa,sft0p6b,gpqa,gpqa_recgM7o1tcc7tP778,42,0.797875,2.383357,-0.577371,0.5,0.6,0.6,0.5,0.0
sft0p6b|gpqa,sft0p6b,gpqa,gpqa_recgXxEgllSGEpELP,46,0.7255,2.423663,-0.571629,0.3,0.2,0.0,0.1,0.3
sft0p6b|gpqa,sft0p6b,gpqa,gpqa_rechKl68Uc6H7vU0N,34,0.82274,2.336164,-0.409581,0.0,0.5,0.4,0.4,1.0
sft0p6b|gpqa,sft0p6b,gpqa,gpqa_rechgQucGlrnt8KRV,50,0.722231,2.40396,-0.583082,0.0,0.0,0.0,0.0,0.0
sft0p6b|gpqa,sft0p6b,gpqa,gpqa_rechtUKxC6G67H7Pr,7,0.748326,2.356187,-0.744698,0.571429,0.714286,0.714286,0.571429,0.571429
sft0p6b|gpqa,sft0p6b,gpqa,gpqa_recihePFulRgNKsIn,44,0.817327,2.350576,-0.516747,0.0,0.0,0.0,0.1,0.2
sft0p6b|gpqa,sft0p6b,gpqa,gpqa_reciuppdQde4FGX1z,48,0.821269,2.33884,-0.51614,0.0,0.0,0.0,0.0,0.0
sft0p6b|gpqa,sft0p6b,gpqa,gpqa_recixxJmdux0d8LZQ,41,0.835066,2.322584,-0.472292,0.1,0.1,0.2,0.0,0.0
sft0p6b|gpqa,sft0p6b,gpqa,gpqa_recjJ54TXc04enRkZ,46,0.812415,2.310623,-0.517314,0.2,0.3,0.2,0.3,0.1
sft0p6b|gpqa,sft0p6b,gpqa,gpqa_recjgMJaMxz4ESDF2,50,0.807876,2.340011,-0.546829,0.0,0.0,0.1,0.1,0.1
sft0p6b|gpqa,sft0p6b,gpqa,gpqa_reck1zKeCssmN82Ga,45,0.840874,2.32991,-0.549664,0.2,0.2,0.2,0.1,0.1
sft0p6b|gpqa,sft0p6b,gpqa,gpqa_reck4G4xxv3YnpbtQ,18,0.775089,2.365214,-0.440219,0.5,0.6,0.8,0.4,0.6
sft0p6b|gpqa,sft0p6b,gpqa,gpqa_reckEnrOPFT9Ru7tW,49,0.778754,2.355617,-0.472442,0.0,0.3,0.1,0.1,0.1
sft0p6b|gpqa,sft0p6b,gpqa,gpqa_reckYqR92oJkqJXkE,49,0.82068,2.316307,-0.537353,0.0,0.1,0.0,0.0,0.1
sft0p6b|gpqa,sft0p6b,gpqa,gpqa_reckl6PkaEMWM50yZ,46,0.772298,2.380202,-0.447977,0.4,0.0,0.0,0.1,0.1
sft0p6b|gpqa,sft0p6b,gpqa,gpqa_recl1UtgTVKishAq4,50,0.776152,2.344449,-0.439902,0.0,0.0,0.1,0.0,0.0
sft0p6b|gpqa,sft0p6b,gpqa,gpqa_recmI7EiLv72PxmYK,50,0.765946,2.34211,-0.518646,0.0,0.0,0.1,0.0,0.0
sft0p6b|gpqa,sft0p6b,gpqa,gpqa_recmkvk6EFAmqyMxR,48,0.815165,2.347942,-0.46184,0.1,0.0,0.0,0.0,0.0
sft0p6b|gpqa,sft0p6b,gpqa,gpqa_recmwwQJnx7ll7bqL,46,0.734449,2.411119,-0.582448,0.2,0.1,0.1,0.0,0.0
sft0p6b|gpqa,sft0p6b,gpqa,gpqa_recn3NhOhqAPLda16,48,0.845087,2.306805,-0.485618,0.0,0.1,0.0,0.1,0.0
sft0p6b|gpqa,sft0p6b,gpqa,gpqa_recnGEpF1srQpaqWq,39,0.800205,2.324622,-0.508345,0.3,0.0,0.2,0.1,0.0
sft0p6b|gpqa,sft0p6b,gpqa,gpqa_recnTTKdBzfuoZ7w7,44,0.444295,2.614421,-0.512782,0.0,0.0,0.0,0.1,0.0
sft0p6b|gpqa,sft0p6b,gpqa,gpqa_recnawZPumSCLMVgp,32,0.763977,2.3413,-0.495899,0.0,0.6,0.4,0.2,0.2
sft0p6b|gpqa,sft0p6b,gpqa,gpqa_recnjViFrqlZNL3fY,47,0.859167,2.318484,-0.442356,0.0,0.0,0.0,0.1,0.0
sft0p6b|gpqa,sft0p6b,gpqa,gpqa_reco8WSc71p8zAv4q,49,0.797015,2.352631,-0.470816,0.0,0.1,0.0,0.0,0.1
sft0p6b|gpqa,sft0p6b,gpqa,gpqa_recoiTJPGUmzAkief,50,0.839785,2.343104,-0.525713,0.0,0.0,0.1,0.0,0.0
sft0p6b|gpqa,sft0p6b,gpqa,gpqa_recooG6bivTUJpDBz,35,0.765765,2.351361,-0.516932,0.2,0.1,0.2,0.2,0.2
sft0p6b|gpqa,sft0p6b,gpqa,gpqa_recoy9ZLBsc7HIRBy,47,0.677797,2.433193,-0.532539,0.1,0.0,0.1,0.0,0.0
sft0p6b|gpqa,sft0p6b,gpqa,gpqa_recpJmTOXx6T48nDJ,50,0.677832,2.437031,-0.475261,0.0,0.0,0.0,0.0,0.6
sft0p6b|gpqa,sft0p6b,gpqa,gpqa_recpki12iG9RUGrz9,44,0.820835,2.318925,-0.426346,0.1,0.1,0.1,0.1,0.1
sft0p6b|gpqa,sft0p6b,gpqa,gpqa_recqFDvYKKRmbnoUb,49,0.814914,2.41326,-0.529802,0.1,0.0,0.0,0.0,0.1
sft0p6b|gpqa,sft0p6b,gpqa,gpqa_recqGD3fxPCI59vPQ,50,0.828883,2.331131,-0.445193,0.0,0.0,0.0,0.0,0.0
sft0p6b|gpqa,sft0p6b,gpqa,gpqa_recqLRu4BcJvlSANc,27,0.889034,2.290675,-0.488514,0.3,0.3,0.2,0.2,0.4
sft0p6b|gpqa,sft0p6b,gpqa,gpqa_recr3VHM4zYf6dMFY,40,0.807349,2.33568,-0.472116,0.2,0.2,0.2,0.5,0.1
sft0p6b|gpqa,sft0p6b,gpqa,gpqa_recrHBEJJoDTV05JR,46,0.82717,2.3339,-0.472103,0.1,0.1,0.0,0.1,0.0
sft0p6b|gpqa,sft0p6b,gpqa,gpqa_recrNbtgTNoabJJi6,50,0.832383,2.319188,-0.480591,0.0,0.0,0.0,0.0,0.0
sft0p6b|gpqa,sft0p6b,gpqa,gpqa_recrs0kUo7Ua1xhKO,49,0.765868,2.330592,-0.501706,0.1,0.0,0.0,0.0,0.0
sft0p6b|gpqa,sft0p6b,gpqa,gpqa_recs3PLPUEMiqg4P8,48,0.799041,2.367877,-0.489261,0.2,0.2,0.0,0.2,0.0
sft0p6b|gpqa,sft0p6b,gpqa,gpqa_rect4iLrSfUwkNTno,50,0.770645,2.390628,-0.549986,0.1,0.0,0.0,0.0,0.0
sft0p6b|gpqa,sft0p6b,gpqa,gpqa_rectXfsCM1dj4Kv2c,50,0.749681,2.38811,-0.514652,0.0,0.0,0.0,0.0,0.0
sft0p6b|gpqa,sft0p6b,gpqa,gpqa_rectlyG9pCAAuWhoB,47,0.84483,2.336392,-0.527613,0.1,0.1,0.0,0.2,0.0
sft0p6b|gpqa,sft0p6b,gpqa,gpqa_recuYEkVjdVUwA3c0,8,0.772686,2.384728,-0.693855,0.875,0.5,0.75,0.75,0.875
sft0p6b|gpqa,sft0p6b,gpqa,gpqa_recuyeuT5rQ6qDt8F,50,0.787605,2.3381,-0.518187,0.1,0.0,0.1,0.0,0.0
sft0p6b|gpqa,sft0p6b,gpqa,gpqa_recv7GsQg3f0fvB1f,42,0.88151,2.293495,-0.448939,0.2,0.1,0.1,0.2,0.3
sft0p6b|gpqa,sft0p6b,gpqa,gpqa_recvZlMbpPz0yLDle,50,0.760484,2.336069,-0.542764,0.3,0.1,0.2,0.0,0.0
sft0p6b|gpqa,sft0p6b,gpqa,gpqa_recvlnu8BuLmXZhSX,50,0.626211,2.452617,-0.607094,0.0,0.0,0.1,0.1,0.0
sft0p6b|gpqa,sft0p6b,gpqa,gpqa_recw4rROcnHKNZhtK,27,0.85902,2.279707,-0.478065,0.3,0.2,0.2,0.3,0.3
sft0p6b|gpqa,sft0p6b,gpqa,gpqa_recwW1A85nfyQpReG,48,0.765088,2.320026,-0.607005,0.0,0.0,0.0,0.0,0.0
sft0p6b|gpqa,sft0p6b,gpqa,gpqa_recwlwlcPvXVNPmvl,49,0.651083,2.438536,-0.576942,0.1,0.0,0.2,0.0,0.0
sft0p6b|gpqa,sft0p6b,gpqa,gpqa_recxTy0x7M6T9ikc0,35,0.81556,2.324693,-0.482134,0.3,0.5,0.4,0.1,0.2
sft0p6b|gpqa,sft0p6b,gpqa,gpqa_recxsX66ktJ1Lwt4f,49,0.778491,2.380367,-0.533363,0.2,0.1,0.2,0.1,0.1
sft0p6b|gpqa,sft0p6b,gpqa,gpqa_recyPffUDqC2k7ZZO,50,0.690353,2.426285,-0.537593,0.0,0.0,0.0,0.0,0.1
sft0p6b|gpqa,sft0p6b,gpqa,gpqa_recyl3usDqb7ruXJx,49,0.836019,2.298846,-0.469661,0.1,0.0,0.0,0.0,0.0
sft0p6b|gpqa,sft0p6b,gpqa,gpqa_recypVp2NmPlBKVTp,37,0.874192,2.211605,-0.471983,0.2,0.2,0.3,0.2,0.2
sft0p6b|gpqa,sft0p6b,gpqa,gpqa_recyrk6XBVwugG5u8,50,0.779632,2.370137,-0.521378,0.0,0.0,0.0,0.0,0.0
sft0p6b|gpqa,sft0p6b,gpqa,gpqa_recywRj5a8EEjj2Ib,33,0.798503,2.382036,-0.492189,0.1,0.1,0.5,0.2,0.0
sft0p6b|gpqa,sft0p6b,gpqa,gpqa_recz3MfYHPRhsEQkW,46,0.751755,2.381176,-0.413837,0.2,0.0,0.3,0.2,0.0
sft0p6b|gpqa,sft0p6b,gpqa,gpqa_reczQ4I0VpENdMtIj,40,0.847197,2.324459,-0.486155,0.1,0.0,0.3,0.0,0.3
sft0p6b|gpqa,sft0p6b,gpqa,gpqa_reczUoM8JsxU6pYxr,43,0.820588,2.343396,-0.504777,0.1,0.0,0.0,0.0,0.0
sft0p6b|gpqa,sft0p6b,gpqa,gpqa_reczjcMtrB1YGS2fO,47,0.818953,2.35132,-0.60525,0.0,0.0,0.0,0.0,0.1
sft0p6b|gpqa,sft0p6b,gpqa,gpqa_reczkBiPPNrNN49Hp,49,0.802415,2.361471,-0.461731,0.1,0.0,0.1,0.0,0.1
sft0p6b|gpqa,sft0p6b,gpqa,gpqa_reczzzihL7btBH7RO,46,0.859927,2.320951,-0.459942,0.5,0.0,0.0,0.1,0.1
sft0p6b|gsm8k,sft0p6b,gsm8k,gsm8k_0,4,0.667855,2.458368,-0.597734,0.75,0.25,0.75,1.0,1.0
sft0p6b|gsm8k,sft0p6b,gsm8k,gsm8k_1,4,0.646945,2.251972,-0.707239,1.0,1.0,0.75,1.0,1.0
sft0p6b|gsm8k,sft0p6b,gsm8k,gsm8k_10,2,0.439587,2.530867,-1.006962,0.5,1.0,1.0,1.0,1.0
sft0p6b|gsm8k,sft0p6b,gsm8k,gsm8k_100,4,0.646484,2.436523,-0.459918,0.25,0.5,0.25,0.25,0.428571
sft0p6b|gsm8k,sft0p6b,gsm8k,gsm8k_101,5,0.570243,2.398633,-0.819126,0.6,0.4,0.6,0.2,0.0
sft0p6b|gsm8k,sft0p6b,gsm8k,gsm8k_102,10,0.76553,2.330421,-1.181013,0.0,0.0,0.0,0.0,0.066667
sft0p6b|gsm8k,sft0p6b,gsm8k,gsm8k_103,1,0.482702,2.394712,-2.17874,1.0,1.0,1.0,1.0,1.0
sft0p6b|gsm8k,sft0p6b,gsm8k,gsm8k_104,2,0.46099,2.516958,-0.613229,1.0,1.0,1.0,1.0,1.0
sft0p6b|gsm8k,sft0p6b,gsm8k,gsm8k_105,5,0.499107,2.320044,-0.977983,1.0,1.0,0.8,1.0,1.0
sft0p6b|gsm8k,sft0p6b,gsm8k,gsm8k_106,4,0.629903,2.46153,-0.558897,0.5,1.0,1.0,1.0,1.0
sft0p6b|gsm8k,sft0p6b,gsm8k,gsm8k_107,5,0.593663,2.458729,-0.539848,0.4,0.8,0.2,0.8,0.7
sft0p6b|gsm8k,sft0p6b,gsm8k,gsm8k_108,2,0.561742,2.430494,-0.997858,0.5,1.0,1.0,0.5,0.75
sft0p6b|gsm8k,sft0p6b,gsm8k,gsm8k_109,10,0.556235,2.391023,-1.028498,0.2,0.5,0.7,0.2,0.533333
sft0p6b|gsm8k,sft0p6b,gsm8k,gsm8k_11,4,0.466439,2.553832,-0.588593,1.0,1.0,0.75,0.75,1.0
sft0p6b|gsm8k,sft0p6b,gsm8k,gsm8k_111,5,0.714648,2.34326,-0.450139,0.4,0.4,0.0,0.2,0.4
sft0p6b|gsm8k,sft0p6b,gsm8k,gsm8k_112,4,0.550064,2.401458,-0.695166,0.5,1.0,0.5,1.0,1.0
sft0p6b|gsm8k,sft0p6b,gsm8k,gsm8k_113,5,0.556921,2.291163,-0.606687,1.0,1.0,1.0,1.0,1.0
sft0p6b|gsm8k,sft0p6b,gsm8k,gsm8k_114,4,0.604736,2.492654,-0.820845,0.75,0.5,1.0,0.75,0.625
sft0p6b|gsm8k,sft0p6b,gsm8k,gsm8k_115,10,0.661328,2.460896,-0.865795,0.0,0.1,0.0,0.0,0.0
sft0p6b|gsm8k,sft0p6b,gsm8k,gsm8k_116,4,0.656006,2.441138,-0.902904,1.0,1.0,1.0,1.0,1.0
sft0p6b|gsm8k,sft0p6b,gsm8k,gsm8k_117,5,0.495488,2.363974,-0.68252,1.0,1.0,0.8,0.8,1.0
sft0p6b|gsm8k,sft0p6b,gsm8k,gsm8k_118,10,0.54624,2.48748,-0.815912,0.9,0.7,0.8,0.9,1.0
sft0p6b|gsm8k,sft0p6b,gsm8k,gsm8k_119,10,0.499219,2.541114,-0.977518,0.0,0.0,0.0,0.0,0.0
sft0p6b|gsm8k,sft0p6b,gsm8k,gsm8k_12,10,0.722116,2.400068,-0.75944,0.1,0.0,0.1,0.0,0.0
sft0p6b|gsm8k,sft0p6b,gsm8k,gsm8k_120,3,0.550167,2.353154,-0.471172,1.0,1.0,0.0,1.0,1.0
sft0p6b|gsm8k,sft0p6b,gsm8k,gsm8k_122,10,0.630027,2.450406,-0.861675,0.1,0.1,0.2,0.3,0.066667
sft0p6b|gsm8k,sft0p6b,gsm8k,gsm8k_123,3,0.436795,2.378756,-0.66297,1.0,1.0,0.666667,1.0,1.0
sft0p6b|gsm8k,sft0p6b,gsm8k,gsm8k_124,8,0.655273,2.4317,-1.195606,0.375,0.25,0.125,0.0,0.454545
sft0p6b|gsm8k,sft0p6b,gsm8k,gsm8k_125,1,0.557656,2.361666,-0.478502,1.0,1.0,1.0,0.0,0.0
sft0p6b|gsm8k,sft0p6b,gsm8k,gsm8k_126,5,0.470147,2.376693,-0.713594,0.6,1.0,1.0,1.0,1.0
sft0p6b|gsm8k,sft0p6b,gsm8k,gsm8k_127,3,0.497058,2.297884,-0.606679,1.0,0.666667,1.0,1.0,1.0
sft0p6b|gsm8k,sft0p6b,gsm8k,gsm8k_128,4,0.437443,2.525946,-0.893569,0.75,1.0,1.0,1.0,0.75
sft0p6b|gsm8k,sft0p6b,gsm8k,gsm8k_129,5,0.604373,2.483042,-0.453907,0.4,0.8,0.4,0.6,1.0
sft0p6b|gsm8k,sft0p6b,gsm8k,gsm8k_13,10,0.533398,2.466455,-1.13976,0.4,0.4,0.5,0.2,0.866667
sft0p6b|gsm8k,sft0p6b,gsm8k,gsm8k_130,3,0.545297,2.394552,-0.521015,1.0,1.0,1.0,1.0,1.0
sft0p6b|gsm8k,sft0p6b,gsm8k,gsm8k_131,5,0.464793,2.318073,-0.540846,1.0,1.0,1.0,0.8,1.0
sft0p6b|gsm8k,sft0p6b,gsm8k,gsm8k_132,9,0.569787,2.406312,-0.984501,0.888889,0.888889,0.888889,0.555556,1.0
sft0p6b|gsm8k,sft0p6b,gsm8k,gsm8k_133,2,0.545067,2.383282,-0.642478,1.0,1.0,1.0,1.0,1.0
sft0p6b|gsm8k,sft0p6b,gsm8k,gsm8k_134,5,0.450272,2.392273,-0.575492,1.0,1.0,1.0,1.0,1.0
sft0p6b|gsm8k,sft0p6b,gsm8k,gsm8k_135,8,0.674683,2.442012,-1.099371,0.25,0.25,0.5,0.375,0.0
sft0p6b|gsm8k,sft0p6b,gsm8k,gsm8k_136,1,0.515504,2.348243,-0.356364,1.0,0.0,1.0,1.0,1.0
sft0p6b|gsm8k,sft0p6b,gsm8k,gsm8k_137,8,0.499742,2.498179,-1.120056,0.25,0.125,0.0,0.125,1.0
sft0p6b|gsm8k,sft0p6b,gsm8k,gsm8k_138,7,0.669922,2.443065,-0.653659,0.714286,0.571429,0.714286,0.571429,1.0
sft0p6b|gsm8k,sft0p6b,gsm8k,gsm8k_139,10,0.588086,2.4899,-0.983404,0.2,0.5,0.4,0.2,0.0
sft0p6b|gsm8k,sft0p6b,gsm8k,gsm8k_14,4,0.53851,2.462999,-0.732082,0.5,1.0,0.75,0.25,0.0
sft0p6b|gsm8k,sft0p6b,gsm8k,gsm8k_140,7,0.455927,2.42907,-0.807177,0.428571,0.285714,0.571429,0.571429,0.3
sft0p6b|gsm8k,sft0p6b,gsm8k,gsm8k_141,4,0.51416,2.512816,-1.10231,0.75,1.0,1.0,1.0,1.0
sft0p6b|gsm8k,sft0p6b,gsm8k,gsm8k_142,7,0.651914,2.317983,-0.984401,0.428571,1.0,1.0,0.714286,1.0
sft0p6b|gsm8k,sft0p6b,gsm8k,gsm8k_143,10,0.645968,2.45796,-0.621079,0.0,0.0,0.0,0.0,0.0
sft0p6b|gsm8k,sft0p6b,gsm8k,gsm8k_144,4,0.594378,2.433803,-0.757447,1.0,1.0,1.0,0.75,1.0
sft0p6b|gsm8k,sft0p6b,gsm8k,gsm8k_145,7,0.607985,2.452465,-0.778578,0.285714,0.428571,0.571429,0.0,0.0
sft0p6b|gsm8k,sft0p6b,gsm8k,gsm8k_146,8,0.50362,2.465024,-1.22128,0.125,0.25,0.125,0.125,0.0
sft0p6b|gsm8k,sft0p6b,gsm8k,gsm8k_147,10,0.683203,2.478263,-0.887238,0.1,0.0,0.0,0.1,0.0
sft0p6b|gsm8k,sft0p6b,gsm8k,gsm8k_148,5,0.582278,2.318807,-0.566959,1.0,1.0,1.0,1.0,1.0
sft0p6b|gsm8k,sft0p6b,gsm8k,gsm8k_149,3,0.528563,2.377276,-1.054252,1.0,1.0,1.0,1.0,1.0
sft0p6b|gsm8k,sft0p6b,gsm8k,gsm8k_15,10,0.664844,2.404686,-1.19501,0.5,0.5,0.3,0.6,0.0
sft0p6b|gsm8k,sft0p6b,gsm8k,gsm8k_150,8,0.625586,2.472854,-0.893721,0.5,0.5,0.25,0.375,0.153846
sft0p6b|gsm8k,sft0p6b,gsm8k,gsm8k_151,9,0.636052,2.43073,-1.05321,0.0,0.0,0.0,0.111111,0.230769
sft0p6b|gsm8k,sft0p6b,gsm8k,gsm8k_152,9,0.459662,2.367894,-1.206784,0.666667,0.444444,0.555556,0.444444,0.928571
sft0p6b|gsm8k,sft0p6b,gsm8k,gsm8k_153,10,0.68125,2.436192,-0.95712,0.1,0.0,0.1,0.0,0.0
sft0p6b|gsm8k,sft0p6b,gsm8k,gsm8k_154,10,0.635742,2.486571,-1.05587,0.3,0.1,0.5,0.2,0.066667
sft0p6b|gsm8k,sft0p6b,gsm8k,gsm8k_155,4,0.490723,2.501836,-0.824899,1.0,1.0,1.0,1.0,1.0
sft0p6b|gsm8k,sft0p6b,gsm8k,gsm8k_156,8,0.576377,2.413306,-1.096881,0.625,0.625,0.375,0.5,1.0
sft0p6b|gsm8k,sft0p6b,gsm8k,gsm8k_157,9,0.740967,2.451977,-0.988762,0.111111,0.111111,0.0,0.0,0.076923
sft0p6b|gsm8k,sft0p6b,gsm8k,gsm8k_158,5,0.483193,2.41923,-0.713679,1.0,0.8,1.0,1.0,1.0
sft0p6b|gsm8k,sft0p6b,gsm8k,gsm8k_159,10,0.706543,2.342851,-0.749866,0.0,0.0,0.0,0.0,0.0
sft0p6b|gsm8k,sft0p6b,gsm8k,gsm8k_160,4,0.528573,2.36025,-0.567918,1.0,1.0,0.75,1.0,1.0
sft0p6b|gsm8k,sft0p6b,gsm8k,gsm8k_162,10,0.501172,2.522195,-0.705,0.0,0.0,0.0,0.0,0.0
sft0p6b|gsm8k,sft0p6b,gsm8k,gsm8k_163,10,0.667188,2.433149,-0.936291,0.0,0.1,0.1,0.2,0.0
sft0p6b|gsm8k,sft0p6b,gsm8k,gsm8k_164,8,0.790039,2.368598,-0.984529,0.0,0.125,0.0,0.125,0.090909
sft0p6b|gsm8k,sft0p6b,gsm8k,gsm8k_165,9,0.528347,2.474519,-0.82018,0.777778,0.555556,0.222222,0.444444,0.846154
sft0p6b|gsm8k,sft0p6b,gsm8k,gsm8k_166,5,0.589228,2.367341,-0.682124,0.8,1.0,1.0,1.0,1.0
sft0p6b|gsm8k,sft0p6b,gsm8k,gsm8k_167,2,0.440581,2.45844,-0.849963,1.0,1.0,1.0,1.0,1.0
sft0p6b|gsm8k,sft0p6b,gsm8k,gsm8k_168,2,0.523052,2.357287,-0.555741,1.0,1.0,1.0,1.0,1.0
sft0p6b|gsm8k,sft0p6b,gsm8k,gsm8k_169,4,0.588177,2.370728,-0.623745,0.75,0.75,1.0,0.75,1.0
sft0p6b|gsm8k,sft0p6b,gsm8k,gsm8k_17,5,0.51757,2.45619,-0.807539,0.4,0.6,0.4,0.8,1.0
sft0p6b|gsm8k,sft0p6b,gsm8k,gsm8k_170,5,0.451095,2.402116,-0.725334,1.0,1.0,1.0,1.0,1.0
sft0p6b|gsm8k,sft0p6b,gsm8k,gsm8k_171,3,0.434029,2.528678,-0.643877,0.666667,1.0,1.0,0.666667,1.0
sft0p6b|gsm8k,sft0p6b,gsm8k,gsm8k_172,2,0.466516,2.561981,-0.754877,0.5,1.0,0.0,1.0,1.0
sft0p6b|gsm8k,sft0p6b,gsm8k,gsm8k_173,3,0.450195,2.551255,-0.839672,0.333333,0.333333,1.0,0.333333,0.0
sft0p6b|gsm8k,sft0p6b,gsm8k,gsm8k_174,9,0.649658,2.453278,-0.996521,0.222222,0.555556,0.444444,0.444444,1.0
sft0p6b|gsm8k,sft0p6b,gsm8k,gsm8k_175,4,0.620773,2.47932,-0.593867,0.5,0.25,0.25,0.5,0.0
sft0p6b|gsm8k,sft0p6b,gsm8k,gsm8k_176,5,0.670717,2.392588,-0.782325,0.6,1.0,0.6,0.8,0.6
sft0p6b|gsm8k,sft0p6b,gsm8k,gsm8k_177,4,0.425049,2.585075,-0.652187,0.0,0.5,0.5,0.25,0.0
sft0p6b|gsm8k,sft0p6b,gsm8k,gsm8k_178,4,0.439649,2.497738,-0.58171,1.0,1.0,1.0,1.0,1.0
sft0p6b|gsm8k,sft0p6b,gsm8k,gsm8k_179,4,0.442858,2.410546,-1.138941,0.75,1.0,1.0,0.5,0.875
sft0p6b|gsm8k,sft0p6b,gsm8k,gsm8k_18,9,0.601957,2.444463,-0.85648,0.555556,0.888889,0.555556,0.444444,1.0
sft0p6b|gsm8k,sft0p6b,gsm8k,gsm8k_180,3,0.532999,2.402996,-0.587532,1.0,1.0,1.0,1.0,1.0
sft0p6b|gsm8k,sft0p6b,gsm8k,gsm8k_181,8,0.530137,2.42453,-1.242361,0.625,0.875,0.625,0.875,1.0
sft0p6b|gsm8k,sft0p6b,gsm8k,gsm8k_182,10,0.507075,2.491874,-0.86242,0.5,0.3,0.4,0.6,0.266667
sft0p6b|gsm8k,sft0p6b,gsm8k,gsm8k_183,9,0.707275,2.409586,-0.927437,0.0,0.0,0.0,0.0,0.076923
sft0p6b|gsm8k,sft0p6b,gsm8k,gsm8k_184,4,0.637695,2.455486,-0.931288,0.75,0.25,0.75,0.25,0.0
sft0p6b|gsm8k,sft0p6b,gsm8k,gsm8k_185,3,0.52352,2.27598,-0.865337,1.0,1.0,1.0,1.0,1.0
sft0p6b|gsm8k,sft0p6b,gsm8k,gsm8k_186,9,0.64917,2.486003,-1.582627,0.111111,0.0,0.111111,0.333333,0.0
sft0p6b|gsm8k,sft0p6b,gsm8k,gsm8k_187,7,0.605469,2.455067,-1.076022,0.571429,0.285714,0.142857,0.142857,1.0
sft0p6b|gsm8k,sft0p6b,gsm8k,gsm8k_188,7,0.541467,2.468872,-0.744258,0.714286,0.857143,0.714286,0.857143,1.0
sft0p6b|gsm8k,sft0p6b,gsm8k,gsm8k_189,7,0.46848,2.52677,-0.797703,0.428571,0.428571,0.428571,0.571429,0.083333
sft0p6b|gsm8k,sft0p6b,gsm8k,gsm8k_19,4,0.67062,2.42524,-0.664498,0.25,0.25,0.25,0.75,1.0
sft0p6b|gsm8k,sft0p6b,gsm8k,gsm8k_190,4,0.452276,2.37026,-0.682654,1.0,1.0,1.0,1.0,1.0
sft0p6b|gsm8k,sft0p6b,gsm8k,gsm8k_191,4,0.608589,2.39757,-0.506382,0.75,0.75,0.75,0.75,1.0
sft0p6b|gsm8k,sft0p6b,gsm8k,gsm8k_192,9,0.642578,2.43283,-0.994214,0.333333,0.222222,0.222222,0.333333,0.785714
sft0p6b|gsm8k,sft0p6b,gsm8k,gsm8k_193,6,0.716725,2.456865,-0.749234,0.5,0.5,0.666667,0.833333,0.727273
sft0p6b|gsm8k,sft0p6b,gsm8k,gsm8k_194,5,0.543373,2.360963,-0.685709,0.6,1.0,1.0,1.0,1.0
sft0p6b|gsm8k,sft0p6b,gsm8k,gsm8k_195,9,0.493311,2.394536,-0.876581,0.555556,0.333333,0.333333,0.555556,0.928571
sft0p6b|gsm8k,sft0p6b,gsm8k,gsm8k_196,3,0.514004,2.304165,-0.647708,1.0,1.0,1.0,1.0,0.833333
sft0p6b|gsm8k,sft0p6b,gsm8k,gsm8k_197,6,0.426172,2.533917,-0.717155,0.833333,1.0,0.5,0.5,0.636364
sft0p6b|gsm8k,sft0p6b,gsm8k,gsm8k_198,4,0.47379,2.539995,-0.699673,0.25,0.25,0.25,0.75,0.0
sft0p6b|gsm8k,sft0p6b,gsm8k,gsm8k_199,10,0.6875,2.418513,-1.06606,0.3,0.3,0.3,0.4,0.0
sft0p6b|gsm8k,sft0p6b,gsm8k,gsm8k_2,10,0.530863,2.470728,-0.879685,0.2,0.3,0.4,0.3,0.0
sft0p6b|gsm8k,sft0p6b,gsm8k,gsm8k_20,9,0.691162,2.410974,-0.735336,0.0,0.111111,0.222222,0.111111,0.0
sft0p6b|gsm8k,sft0p6b,gsm8k,gsm8k_21,10,0.648135,2.442412,-1.045362,0.1,0.3,0.0,0.0,0.0
sft0p6b|gsm8k,sft0p6b,gsm8k,gsm8k_22,2,0.547351,2.40782,-0.729267,1.0,1.0,1.0,1.0,0.5
sft0p6b|gsm8k,sft0p6b,gsm8k,gsm8k_23,4,0.529519,2.377296,-0.718044,1.0,1.0,0.75,0.75,1.0
sft0p6b|gsm8k,sft0p6b,gsm8k,gsm8k_24,3,0.480762,2.444317,-0.603689,0.666667,1.0,1.0,1.0,1.0
sft0p6b|gsm8k,sft0p6b,gsm8k,gsm8k_25,2,0.528809,2.472019,-1.378254,1.0,1.0,0.5,1.0,1.0
sft0p6b|gsm8k,sft0p6b,gsm8k,gsm8k_26,10,0.422972,2.55209,-1.083207,0.7,0.9,0.8,0.7,1.0
sft0p6b|gsm8k,sft0p6b,gsm8k,gsm8k_27,4,0.549742,2.436656,-0.454299,1.0,0.0,0.25,0.5,0.25
sft0p6b|gsm8k,sft0p6b,gsm8k,gsm8k_28,4,0.658691,2.425042,-0.526178,0.75,0.75,1.0,0.75,1.0
sft0p6b|gsm8k,sft0p6b,gsm8k,gsm8k_29,3,0.702499,2.449811,-0.379618,0.0,0.333333,0.333333,0.666667,1.0
sft0p6b|gsm8k,sft0p6b,gsm8k,gsm8k_3,10,0.54199,2.292654,-1.037136,0.2,0.3,0.4,0.3,0.0
sft0p6b|gsm8k,sft0p6b,gsm8k,gsm8k_30,3,0.443098,2.502657,-0.650544,0.666667,1.0,1.0,1.0,1.0
sft0p6b|gsm8k,sft0p6b,gsm8k,gsm8k_31,2,0.49141,2.453993,-0.716316,0.5,1.0,1.0,1.0,1.0
sft0p6b|gsm8k,sft0p6b,gsm8k,gsm8k_32,2,0.477303,2.356995,-1.610472,0.0,1.0,1.0,1.0,1.0
sft0p6b|gsm8k,sft0p6b,gsm8k,gsm8k_33,3,0.376029,2.404766,-1.017461,1.0,1.0,1.0,1.0,1.0
sft0p6b|gsm8k,sft0p6b,gsm8k,gsm8k_34,2,0.468282,2.464966,-0.563627,1.0,1.0,1.0,0.5,1.0
sft0p6b|gsm8k,sft0p6b,gsm8k,gsm8k_35,1,0.491803,2.438214,-0.67309,1.0,1.0,1.0,0.0,1.0
sft0p6b|gsm8k,sft0p6b,gsm8k,gsm8k_36,4,0.509692,2.384853,-0.700204,0.25,0.25,0.0,0.75,0.25
sft0p6b|gsm8k,sft0p6b,gsm8k,gsm8k_37,10,0.656445,2.427101,-0.913313,0.0,0.0,0.0,0.0,0.0
sft0p6b|gsm8k,sft0p6b,gsm8k,gsm8k_38,4,0.689314,2.442005,-0.51802,0.75,0.5,0.5,0.75,1.0
sft0p6b|gsm8k,sft0p6b,gsm8k,gsm8k_39,3,0.645508,2.442026,-0.87943,1.0,0.666667,1.0,1.0,1.0
sft0p6b|gsm8k,sft0p6b,gsm8k,gsm8k_4,9,0.700439,2.431756,-1.024805,0.444444,0.555556,0.555556,0.444444,1.0
sft0p6b|gsm8k,sft0p6b,gsm8k,gsm8k_40,2,0.625844,2.355014,-0.474689,1.0,1.0,1.0,1.0,1.0
sft0p6b|gsm8k,sft0p6b,gsm8k,gsm8k_41,9,0.735352,2.429631,-0.894167,0.0,0.0,0.111111,0.0,0.076923
sft0p6b|gsm8k,sft0p6b,gsm8k,gsm8k_42,4,0.5334,2.303142,-1.087356,1.0,1.0,1.0,1.0,1.0
sft0p6b|gsm8k,sft0p6b,gsm8k,gsm8k_43,10,0.620117,2.43201,-0.778298,0.2,0.4,0.0,0.3,0.0
sft0p6b|gsm8k,sft0p6b,gsm8k,gsm8k_44,4,0.593547,2.488949,-0.792415,0.25,0.25,0.5,0.0,0.0
sft0p6b|gsm8k,sft0p6b,gsm8k,gsm8k_45,5,0.545635,2.438189,-0.764035,1.0,0.8,1.0,1.0,1.0
sft0p6b|gsm8k,sft0p6b,gsm8k,gsm8k_46,2,0.67627,2.413662,-0.42301,0.5,0.5,0.5,1.0,1.0
sft0p6b|gsm8k,sft0p6b,gsm8k,gsm8k_47,5,0.537109,2.50911,-0.705164,0.6,0.8,0.6,0.8,0.4
sft0p6b|gsm8k,sft0p6b,gsm8k,gsm8k_48,5,0.498882,2.403455,-0.7681,1.0,1.0,1.0,1.0,1.0
sft0p6b|gsm8k,sft0p6b,gsm8k,gsm8k_49,3,0.438421,2.482954,-0.830365,0.666667,1.0,1.0,0.666667,0.333333
sft0p6b|gsm8k,sft0p6b,gsm8k,gsm8k_5,10,0.479297,2.575887,-0.817691,0.0,0.0,0.0,0.0,0.0
sft0p6b|gsm8k,sft0p6b,gsm8k,gsm8k_50,5,0.517784,2.452684,-0.636377,1.0,1.0,0.6,0.8,1.0
sft0p6b|gsm8k,sft0p6b,gsm8k,gsm8k_51,9,0.758398,2.375906,-0.822954,0.111111,0.333333,0.111111,0.444444,1.0
sft0p6b|gsm8k,sft0p6b,gsm8k,gsm8k_52,3,0.516844,2.505665,-0.619365,1.0,1.0,1.0,1.0,1.0
sft0p6b|gsm8k,sft0p6b,gsm8k,gsm8k_53,2,0.465396,2.521795,-0.866115,0.5,1.0,1.0,1.0,1.0
sft0p6b|gsm8k,sft0p6b,gsm8k,gsm8k_54,10,0.731856,2.408406,-0.848701,0.0,0.0,0.0,0.0,0.0
sft0p6b|gsm8k,sft0p6b,gsm8k,gsm8k_55,5,0.51743,2.28708,-0.599902,1.0,1.0,1.0,1.0,1.0
sft0p6b|gsm8k,sft0p6b,gsm8k,gsm8k_56,5,0.625884,2.316417,-0.612447,1.0,0.8,1.0,1.0,1.0
sft0p6b|gsm8k,sft0p6b,gsm8k,gsm8k_57,5,0.638281,2.42479,-0.828555,0.8,0.4,0.4,0.2,0.4
sft0p6b|gsm8k,sft0p6b,gsm8k,gsm8k_58,10,0.615625,2.465864,-1.107087,0.0,0.2,0.2,0.1,0.0
sft0p6b|gsm8k,sft0p6b,gsm8k,gsm8k_59,2,0.455346,2.378215,-0.581861,1.0,1.0,1.0,1.0,1.0
sft0p6b|gsm8k,sft0p6b,gsm8k,gsm8k_6,3,0.444835,2.413488,-0.830605,1.0,1.0,1.0,1.0,1.0
sft0p6b|gsm8k,sft0p6b,gsm8k,gsm8k_60,9,0.619111,2.456613,-0.889583,0.666667,0.0,0.333333,0.333333,1.0
sft0p6b|gsm8k,sft0p6b,gsm8k,gsm8k_61,5,0.517076,2.423819,-0.538513,1.0,0.8,0.8,0.8,1.0
sft0p6b|gsm8k,sft0p6b,gsm8k,gsm8k_62,10,0.688867,2.416661,-0.777363,0.0,0.1,0.0,0.0,0.0
sft0p6b|gsm8k,sft0p6b,gsm8k,gsm8k_63,9,0.570487,2.449128,-1.422708,0.222222,0.444444,0.0,0.222222,1.0
sft0p6b|gsm8k,sft0p6b,gsm8k,gsm8k_64,2,0.538019,2.371427,-1.105052,1.0,1.0,1.0,0.5,1.0
sft0p6b|gsm8k,sft0p6b,gsm8k,gsm8k_65,5,0.653524,2.354899,-0.362208,0.0,0.4,0.2,0.4,0.0
sft0p6b|gsm8k,sft0p6b,gsm8k,gsm8k_66,4,0.728929,2.417876,-0.572302,0.0,0.5,0.25,0.5,0.25
sft0p6b|gsm8k,sft0p6b,gsm8k,gsm8k_67,2,0.393903,2.488122,-1.677014,1.0,1.0,1.0,1.0,1.0
sft0p6b|gsm8k,sft0p6b,gsm8k,gsm8k_68,2,0.599609,2.42545,-0.644425,1.0,1.0,0.5,1.0,1.0
sft0p6b|gsm8k,sft0p6b,gsm8k,gsm8k_69,4,0.532956,2.317498,-0.595849,0.5,0.25,1.0,1.0,1.0
sft0p6b|gsm8k,sft0p6b,gsm8k,gsm8k_7,10,0.707162,2.382981,-0.776442,0.0,0.0,0.1,0.0,0.0
sft0p6b|gsm8k,sft0p6b,gsm8k,gsm8k_70,10,0.544866,2.46405,-0.751687,0.3,0.2,0.1,0.2,0.0
sft0p6b|gsm8k,sft0p6b,gsm8k,gsm8k_71,2,0.418452,2.339363,-0.393956,1.0,1.0,1.0,1.0,1.0
sft0p6b|gsm8k,sft0p6b,gsm8k,gsm8k_72,5,0.454176,2.394939,-1.378191,1.0,1.0,1.0,1.0,1.0
sft0p6b|gsm8k,sft0p6b,gsm8k,gsm8k_73,10,0.552055,2.498021,-0.783464,0.5,0.8,0.9,0.6,1.0
sft0p6b|gsm8k,sft0p6b,gsm8k,gsm8k_74,5,0.504885,2.501129,-0.893236,0.8,0.4,0.6,0.8,1.0
sft0p6b|gsm8k,sft0p6b,gsm8k,gsm8k_75,10,0.567675,2.492825,-1.335697,0.2,0.0,0.0,0.0,0.0
sft0p6b|gsm8k,sft0p6b,gsm8k,gsm8k_76,4,0.680176,2.456585,-0.53413,0.75,0.0,0.0,0.5,1.0
sft0p6b|gsm8k,sft0p6b,gsm8k,gsm8k_77,3,0.4496,2.473181,-0.651761,1.0,1.0,1.0,1.0,1.0
sft0p6b|gsm8k,sft0p6b,gsm8k,gsm8k_78,3,0.523179,2.458605,-0.69365,0.333333,0.666667,0.666667,0.666667,1.0
sft0p6b|gsm8k,sft0p6b,gsm8k,gsm8k_79,4,0.536849,2.353049,-0.610464,1.0,0.5,1.0,0.75,1.0
sft0p6b|gsm8k,sft0p6b,gsm8k,gsm8k_8,10,0.694727,2.430188,-0.96585,0.0,0.0,0.0,0.0,0.0
sft0p6b|gsm8k,sft0p6b,gsm8k,gsm8k_80,3,0.573103,2.418591,-0.443323,1.0,1.0,1.0,0.666667,1.0
sft0p6b|gsm8k,sft0p6b,gsm8k,gsm8k_81,6,0.527344,2.479068,-1.216433,0.666667,1.0,1.0,1.0,1.0
sft0p6b|gsm8k,sft0p6b,gsm8k,gsm8k_82,3,0.431417,2.494082,-0.712859,1.0,1.0,1.0,1.0,1.0
sft0p6b|gsm8k,sft0p6b,gsm8k,gsm8k_83,3,0.485574,2.435273,-0.705251,1.0,1.0,1.0,1.0,0.833333
sft0p6b|gsm8k,sft0p6b,gsm8k,gsm8k_84,2,0.461007,2.346591,-0.774949,1.0,1.0,1.0,1.0,1.0
sft0p6b|gsm8k,sft0p6b,gsm8k,gsm8k_85,4,0.705793,2.382653,-0.777382,0.0,0.5,0.25,0.0,0.0
sft0p6b|gsm8k,sft0p6b,gsm8k,gsm8k_86,4,0.77832,2.408053,-0.780886,0.25,0.5,0.5,0.0,0.333333
sft0p6b|gsm8k,sft0p6b,gsm8k,gsm8k_87,10,0.673047,2.471734,-0.763673,0.0,0.0,0.0,0.0,0.0
sft0p6b|gsm8k,sft0p6b,gsm8k,gsm8k_88,5,0.423384,2.405416,-0.971084,1.0,1.0,0.8,1.0,1.0
sft0p6b|gsm8k,sft0p6b,gsm8k,gsm8k_89,7,0.627396,2.374124,-1.070404,0.0,0.428571,0.285714,0.285714,1.0
sft0p6b|gsm8k,sft0p6b,gsm8k,gsm8k_9,5,0.563778,2.403327,-0.538972,0.6,1.0,0.8,0.8,0.0
sft0p6b|gsm8k,sft0p6b,gsm8k,gsm8k_90,4,0.516875,2.420982,-0.468058,1.0,1.0,1.0,1.0,1.0
sft0p6b|gsm8k,sft0p6b,gsm8k,gsm8k_91,2,0.425629,2.510141,-0.590344,1.0,0.5,1.0,0.5,1.0
sft0p6b|gsm8k,sft0p6b,gsm8k,gsm8k_92,3,0.523438,2.457219,-0.688682,0.666667,0.666667,1.0,1.0,0.8
sft0p6b|gsm8k,sft0p6b,gsm8k,gsm8k_93,10,0.711523,2.428444,-1.150513,0.0,0.0,0.0,0.0,0.0
sft0p6b|gsm8k,sft0p6b,gsm8k,gsm8k_94,5,0.503621,2.491849,-0.784829,0.8,0.8,1.0,0.8,1.0
sft0p6b|gsm8k,sft0p6b,gsm8k,gsm8k_95,5,0.450998,2.484562,-0.541436,1.0,0.6,1.0,1.0,1.0
sft0p6b|gsm8k,sft0p6b,gsm8k,gsm8k_96,4,0.496971,2.325519,-0.702169,1.0,0.75,1.0,1.0,1.0
sft0p6b|gsm8k,sft0p6b,gsm8k,gsm8k_97,6,0.816406,2.310274,-0.874824,0.833333,0.666667,0.333333,0.5,1.0
sft0p6b|gsm8k,sft0p6b,gsm8k,gsm8k_98,4,0.677912,2.409147,-0.767878,0.75,1.0,1.0,0.75,0.166667
sft0p6b|gsm8k,sft0p6b,gsm8k,gsm8k_99,2,0.586861,2.389032,-0.675589,1.0,1.0,1.0,1.0,0.5
sft1p7b|cruxeval,sft1p7b,cruxeval,sample_0,10,0.436133,2.618918,-0.940239,0.3,0.4,0.2,0.1,0.4
sft1p7b|cruxeval,sft1p7b,cruxeval,sample_100,10,0.535059,2.584975,-0.638609,0.3,0.1,0.1,0.1,0.0
sft1p7b|cruxeval,sft1p7b,cruxeval,sample_101,5,0.464808,2.476408,-0.869851,1.0,1.0,1.0,1.0,1.0
sft1p7b|cruxeval,sft1p7b,cruxeval,sample_104,6,0.542355,2.483322,-1.120648,0.166667,0.166667,0.0,0.0,1.0
sft1p7b|cruxeval,sft1p7b,cruxeval,sample_109,6,0.440109,2.493316,-0.847126,0.833333,1.0,1.0,1.0,1.0
sft1p7b|cruxeval,sft1p7b,cruxeval,sample_11,1,0.535948,2.402609,-1.171058,0.0,0.0,0.0,0.0,1.0
sft1p7b|cruxeval,sft1p7b,cruxeval,sample_111,2,0.402097,2.579868,-0.711447,1.0,1.0,1.0,0.0,1.0
sft1p7b|cruxeval,sft1p7b,cruxeval,sample_116,2,0.668406,2.340917,-1.170272,0.0,0.5,0.0,0.0,1.0
sft1p7b|cruxeval,sft1p7b,cruxeval,sample_117,3,0.519056,2.452536,-0.826319,1.0,1.0,1.0,1.0,0.833333
sft1p7b|cruxeval,sft1p7b,cruxeval,sample_120,1,0.673171,2.139069,-1.568016,0.0,0.0,0.0,0.0,1.0
sft1p7b|cruxeval,sft1p7b,cruxeval,sample_121,10,0.462615,2.61222,-0.845111,0.6,0.6,0.6,0.4,0.933333
sft1p7b|cruxeval,sft1p7b,cruxeval,sample_123,9,0.497993,2.579363,-0.782924,0.777778,0.777778,0.555556,0.444444,0.714286
sft1p7b|cruxeval,sft1p7b,cruxeval,sample_13,7,0.615374,2.410948,-1.222972,0.428571,0.285714,0.857143,0.428571,0.583333
sft1p7b|cruxeval,sft1p7b,cruxeval,sample_133,9,0.367736,2.631935,-0.85746,0.777778,0.666667,0.777778,0.777778,0.928571
sft1p7b|cruxeval,sft1p7b,cruxeval,sample_137,4,0.375244,2.678402,-1.026899,1.0,1.0,1.0,1.0,0.25
sft1p7b|cruxeval,sft1p7b,cruxeval,sample_139,8,0.481544,2.546944,-0.819662,1.0,1.0,0.875,1.0,1.0
sft1p7b|cruxeval,sft1p7b,cruxeval,sample_141,9,0.379557,2.665944,-0.89915,0.222222,0.0,0.222222,0.222222,0.857143
sft1p7b|cruxeval,sft1p7b,cruxeval,sample_146,10,0.450526,2.486117,-0.895314,1.0,1.0,1.0,1.0,0.933333
sft1p7b|cruxeval,sft1p7b,cruxeval,sample_150,10,0.45625,2.625735,-0.917114,0.4,0.4,0.4,0.7,0.733333
sft1p7b|cruxeval,sft1p7b,cruxeval,sample_160,10,0.550879,2.557497,-0.984227,0.3,0.0,0.4,0.5,0.066667
sft1p7b|cruxeval,sft1p7b,cruxeval,sample_164,4,0.401374,2.424814,-0.722288,1.0,1.0,1.0,1.0,0.0
sft1p7b|cruxeval,sft1p7b,cruxeval,sample_166,4,0.679834,2.181398,-1.224915,0.0,0.0,0.25,0.0,0.75
sft1p7b|cruxeval,sft1p7b,cruxeval,sample_179,10,0.443848,2.58696,-0.735828,0.0,0.0,0.0,0.0,0.0
sft1p7b|cruxeval,sft1p7b,cruxeval,sample_18,6,0.440348,2.632184,-0.871586,1.0,0.5,0.666667,0.666667,0.090909
sft1p7b|cruxeval,sft1p7b,cruxeval,sample_186,9,0.546597,2.370372,-0.670324,0.888889,1.0,1.0,0.888889,0.857143
sft1p7b|cruxeval,sft1p7b,cruxeval,sample_187,8,0.485457,2.516835,-0.785031,1.0,1.0,1.0,1.0,1.0
sft1p7b|cruxeval,sft1p7b,cruxeval,sample_190,10,0.369689,2.686259,-0.787356,0.3,0.1,0.1,0.3,1.0
sft1p7b|cruxeval,sft1p7b,cruxeval,sample_192,9,0.541802,2.522727,-0.710142,0.555556,0.666667,0.555556,1.0,0.857143
sft1p7b|cruxeval,sft1p7b,cruxeval,sample_195,10,0.528223,2.600229,-0.751065,0.0,0.0,0.0,0.0,0.0
sft1p7b|cruxeval,sft1p7b,cruxeval,sample_197,8,0.361077,2.618653,-0.665049,0.5,0.25,0.75,0.5,0.230769
sft1p7b|cruxeval,sft1p7b,cruxeval,sample_198,10,0.515867,2.572857,-0.719195,0.0,0.0,0.0,0.0,0.0
sft1p7b|cruxeval,sft1p7b,cruxeval,sample_20,3,0.518846,2.426907,-0.82935,0.0,0.666667,0.333333,0.333333,1.0
sft1p7b|cruxeval,sft1p7b,cruxeval,sample_203,1,0.57561,2.081303,-1.537726,0.0,0.0,0.0,0.0,0.0
sft1p7b|cruxeval,sft1p7b,cruxeval,sample_204,1,0.482422,2.611687,-1.824811,1.0,1.0,0.0,1.0,1.0
sft1p7b|cruxeval,sft1p7b,cruxeval,sample_207,5,0.554524,2.361217,-1.332465,0.4,0.0,0.0,0.2,1.0
sft1p7b|cruxeval,sft1p7b,cruxeval,sample_209,10,0.586265,2.41277,-0.735266,0.0,0.0,0.0,0.0,0.0
sft1p7b|cruxeval,sft1p7b,cruxeval,sample_21,9,0.380958,2.527646,-0.940467,0.111111,0.111111,0.333333,0.111111,0.0
sft1p7b|cruxeval,sft1p7b,cruxeval,sample_213,10,0.69569,2.173711,-1.120648,0.9,1.0,1.0,0.9,0.0
sft1p7b|cruxeval,sft1p7b,cruxeval,sample_22,10,0.659375,2.483967,-0.70589,0.3,0.5,0.2,0.1,0.0
sft1p7b|cruxeval,sft1p7b,cruxeval,sample_229,10,0.391309,2.702157,-0.715972,0.0,0.0,0.0,0.0,0.0
sft1p7b|cruxeval,sft1p7b,cruxeval,sample_238,10,0.514078,2.504659,-0.757568,0.4,0.8,0.4,0.3,0.0
sft1p7b|cruxeval,sft1p7b,cruxeval,sample_239,10,0.63125,2.564638,-0.688795,0.0,0.0,0.0,0.0,0.0
sft1p7b|cruxeval,sft1p7b,cruxeval,sample_24,9,0.371864,2.463829,-0.94444,1.0,1.0,0.888889,1.0,1.0
sft1p7b|cruxeval,sft1p7b,cruxeval,sample_243,2,0.710145,2.353715,-0.875963,0.5,1.0,1.0,1.0,1.0
sft1p7b|cruxeval,sft1p7b,cruxeval,sample_244,10,0.572368,2.563126,-0.554428,0.1,0.0,0.1,0.0,0.0
sft1p7b|cruxeval,sft1p7b,cruxeval,sample_247,10,0.653308,2.278559,-0.905386,0.4,0.7,0.5,0.8,1.0
sft1p7b|cruxeval,sft1p7b,cruxeval,sample_249,10,0.461133,2.598655,-0.653462,0.1,0.0,0.0,0.0,0.0
sft1p7b|cruxeval,sft1p7b,cruxeval,sample_25,10,0.597971,2.403468,-0.763617,0.0,0.0,0.0,0.0,0.0
sft1p7b|cruxeval,sft1p7b,cruxeval,sample_256,10,0.48125,2.558769,-0.547715,0.6,0.8,0.6,0.9,0.666667
sft1p7b|cruxeval,sft1p7b,cruxeval,sample_261,10,0.436386,2.658017,-0.651949,0.0,0.0,0.0,0.0,0.4
sft1p7b|cruxeval,sft1p7b,cruxeval,sample_262,10,0.433894,2.488978,-0.592434,0.9,0.9,0.6,0.7,0.466667
sft1p7b|cruxeval,sft1p7b,cruxeval,sample_263,10,0.546969,2.410213,-1.171058,0.0,0.0,0.0,0.0,0.0
sft1p7b|cruxeval,sft1p7b,cruxeval,sample_269,9,0.505642,2.588934,-0.639881,0.555556,0.777778,0.666667,0.888889,0.5
sft1p7b|cruxeval,sft1p7b,cruxeval,sample_270,3,0.678443,2.408992,-0.942966,0.0,0.0,0.0,0.333333,1.0
sft1p7b|cruxeval,sft1p7b,cruxeval,sample_275,9,0.525396,2.592031,-0.565366,0.111111,0.0,0.0,0.0,0.0
sft1p7b|cruxeval,sft1p7b,cruxeval,sample_28,4,0.479289,2.493853,-0.614046,1.0,1.0,1.0,1.0,1.0
sft1p7b|cruxeval,sft1p7b,cruxeval,sample_281,3,0.455749,2.559966,-0.727234,0.0,1.0,0.666667,0.333333,0.833333
sft1p7b|cruxeval,sft1p7b,cruxeval,sample_284,4,0.4699,2.526597,-1.447635,0.75,0.75,1.0,1.0,1.0
sft1p7b|cruxeval,sft1p7b,cruxeval,sample_288,10,0.462449,2.595012,-0.527423,0.2,0.5,0.5,0.6,0.133333
sft1p7b|cruxeval,sft1p7b,cruxeval,sample_289,10,0.625558,2.434572,-0.654083,0.2,0.1,0.0,0.2,0.0
sft1p7b|cruxeval,sft1p7b,cruxeval,sample_291,7,0.451951,2.519936,-1.010339,0.0,0.0,0.0,0.0,0.666667
sft1p7b|cruxeval,sft1p7b,cruxeval,sample_294,10,0.406483,2.661164,-0.610687,0.0,0.0,0.2,0.0,0.0
sft1p7b|cruxeval,sft1p7b,cruxeval,sample_297,3,0.47707,2.344446,-0.82703,1.0,0.666667,1.0,0.666667,0.666667
sft1p7b|cruxeval,sft1p7b,cruxeval,sample_299,3,0.538977,2.482082,-0.802127,1.0,1.0,1.0,1.0,1.0
sft1p7b|cruxeval,sft1p7b,cruxeval,sample_30,10,0.599661,2.457054,-0.790846,0.0,0.0,0.0,0.1,0.0
sft1p7b|cruxeval,sft1p7b,cruxeval,sample_305,10,0.453936,2.622451,-0.794101,0.0,0.0,0.0,0.0,0.0
sft1p7b|cruxeval,sft1p7b,cruxeval,sample_306,5,0.448267,2.513976,-0.718127,1.0,1.0,1.0,1.0,1.0
sft1p7b|cruxeval,sft1p7b,cruxeval,sample_308,8,0.515611,2.585367,-1.171058,0.0,0.0,0.25,0.0,0.0
sft1p7b|cruxeval,sft1p7b,cruxeval,sample_31,3,0.304036,2.612754,-0.484446,1.0,0.666667,0.666667,0.333333,1.0
sft1p7b|cruxeval,sft1p7b,cruxeval,sample_311,1,0.52439,2.30702,-0.826319,1.0,1.0,1.0,1.0,1.0
sft1p7b|cruxeval,sft1p7b,cruxeval,sample_321,5,0.527181,2.47657,-0.776669,0.6,0.0,0.0,0.0,0.6
sft1p7b|cruxeval,sft1p7b,cruxeval,sample_335,9,0.408963,2.681021,-0.908209,0.888889,0.777778,0.666667,0.666667,0.785714
sft1p7b|cruxeval,sft1p7b,cruxeval,sample_338,7,0.504227,2.580545,-0.828916,0.285714,0.428571,0.571429,0.714286,0.5
sft1p7b|cruxeval,sft1p7b,cruxeval,sample_343,5,0.442387,2.60198,-1.332465,1.0,0.6,0.8,0.8,0.8
sft1p7b|cruxeval,sft1p7b,cruxeval,sample_344,8,0.569475,2.607356,-0.782735,0.875,0.5,0.875,0.875,0.0
sft1p7b|cruxeval,sft1p7b,cruxeval,sample_348,7,0.670792,2.554657,-0.681193,0.285714,0.571429,0.857143,1.0,1.0
sft1p7b|cruxeval,sft1p7b,cruxeval,sample_349,10,0.47373,2.653857,-1.114774,0.0,0.0,0.0,0.1,0.066667
sft1p7b|cruxeval,sft1p7b,cruxeval,sample_350,10,0.464374,2.491573,-0.873817,1.0,0.9,0.9,1.0,1.0
sft1p7b|cruxeval,sft1p7b,cruxeval,sample_352,4,0.458606,2.385946,-0.864414,0.75,1.0,1.0,1.0,1.0
sft1p7b|cruxeval,sft1p7b,cruxeval,sample_357,10,0.46857,2.599195,-0.499069,0.4,0.3,0.6,0.4,0.0
sft1p7b|cruxeval,sft1p7b,cruxeval,sample_360,6,0.568032,2.469312,-0.744537,1.0,1.0,0.833333,0.833333,0.090909
sft1p7b|cruxeval,sft1p7b,cruxeval,sample_363,8,0.429473,2.539779,-1.026899,0.875,0.875,1.0,1.0,0.846154
sft1p7b|cruxeval,sft1p7b,cruxeval,sample_367,10,0.450898,2.532346,-0.914216,0.8,1.0,0.9,1.0,0.933333
sft1p7b|cruxeval,sft1p7b,cruxeval,sample_368,10,0.456934,2.59138,-1.050782,0.0,0.0,0.1,0.0,0.933333
sft1p7b|cruxeval,sft1p7b,cruxeval,sample_371,9,0.558016,2.593126,-0.476892,0.555556,0.777778,0.777778,0.888889,1.0
sft1p7b|cruxeval,sft1p7b,cruxeval,sample_373,10,0.410644,2.490074,-0.906016,0.0,0.0,0.0,0.0,0.0
sft1p7b|cruxeval,sft1p7b,cruxeval,sample_384,10,0.464844,2.601223,-0.784018,0.9,0.6,0.9,0.4,0.2
sft1p7b|cruxeval,sft1p7b,cruxeval,sample_385,10,0.373281,2.63183,-0.885796,0.6,0.5,0.7,0.4,0.4
sft1p7b|cruxeval,sft1p7b,cruxeval,sample_389,9,0.52563,2.397556,-1.171058,0.555556,0.222222,0.444444,0.333333,0.785714
sft1p7b|cruxeval,sft1p7b,cruxeval,sample_394,10,0.546727,2.551589,-0.881941,0.9,0.7,1.0,0.7,0.933333
sft1p7b|cruxeval,sft1p7b,cruxeval,sample_396,2,0.709716,2.226596,-1.068137,0.0,0.0,0.0,0.0,1.0
sft1p7b|cruxeval,sft1p7b,cruxeval,sample_397,4,0.518023,2.51974,-0.519639,0.0,0.0,0.0,0.0,0.75
sft1p7b|cruxeval,sft1p7b,cruxeval,sample_398,10,0.516406,2.551847,-0.693073,0.0,0.0,0.0,0.0,0.0
sft1p7b|cruxeval,sft1p7b,cruxeval,sample_4,10,0.582286,2.566875,-0.661162,0.0,0.0,0.0,0.0,0.0
sft1p7b|cruxeval,sft1p7b,cruxeval,sample_41,5,0.406183,2.57745,-0.726208,0.2,0.6,0.4,0.2,0.9
sft1p7b|cruxeval,sft1p7b,cruxeval,sample_411,5,0.656169,2.362544,-1.014665,1.0,1.0,0.6,1.0,1.0
sft1p7b|cruxeval,sft1p7b,cruxeval,sample_414,6,0.550081,2.425821,-0.89443,0.333333,0.0,0.0,0.0,0.090909
sft1p7b|cruxeval,sft1p7b,cruxeval,sample_415,10,0.55918,2.587052,-0.842503,0.6,0.1,0.2,0.4,0.6
sft1p7b|cruxeval,sft1p7b,cruxeval,sample_418,10,0.47778,2.584123,-0.718494,0.0,0.0,0.0,0.0,0.0
sft1p7b|cruxeval,sft1p7b,cruxeval,sample_42,1,0.583529,2.388674,-1.276902,1.0,1.0,0.0,1.0,1.0
sft1p7b|cruxeval,sft1p7b,cruxeval,sample_420,6,0.693874,2.273934,-1.120648,0.833333,0.833333,0.833333,0.666667,0.272727
sft1p7b|cruxeval,sft1p7b,cruxeval,sample_423,10,0.467871,2.612002,-0.589313,0.5,0.6,0.3,0.3,0.066667
sft1p7b|cruxeval,sft1p7b,cruxeval,sample_427,10,0.359311,2.643368,-0.585619,0.0,0.0,0.0,0.0,0.0
sft1p7b|cruxeval,sft1p7b,cruxeval,sample_430,5,0.484528,2.447631,-0.701202,0.6,0.8,0.6,1.0,1.0
sft1p7b|cruxeval,sft1p7b,cruxeval,sample_437,10,0.568545,2.593558,-0.942253,0.0,0.0,0.0,0.0,0.0
sft1p7b|cruxeval,sft1p7b,cruxeval,sample_44,10,0.51875,2.562238,-0.615154,0.0,0.0,0.0,0.0,0.0
sft1p7b|cruxeval,sft1p7b,cruxeval,sample_441,5,0.62223,2.516111,-0.989615,0.2,0.2,0.4,0.8,0.0
sft1p7b|cruxeval,sft1p7b,cruxeval,sample_45,3,0.307617,2.675009,-0.771731,0.333333,1.0,0.666667,1.0,1.0
sft1p7b|cruxeval,sft1p7b,cruxeval,sample_451,6,0.577676,2.460654,-0.734365,1.0,1.0,1.0,1.0,0.909091
sft1p7b|cruxeval,sft1p7b,cruxeval,sample_454,2,0.656186,2.172445,-1.222972,0.0,0.0,0.0,0.0,0.0
sft1p7b|cruxeval,sft1p7b,cruxeval,sample_456,10,0.616752,2.347084,-0.884097,0.0,0.0,0.0,0.0,0.0
sft1p7b|cruxeval,sft1p7b,cruxeval,sample_462,9,0.457201,2.518885,-0.817974,0.888889,0.777778,0.777778,0.555556,1.0
sft1p7b|cruxeval,sft1p7b,cruxeval,sample_463,10,0.550035,2.605303,-0.742044,0.3,0.5,0.3,0.6,0.8
sft1p7b|cruxeval,sft1p7b,cruxeval,sample_469,7,0.394774,2.63512,-0.811545,0.0,0.285714,0.0,0.571429,1.0
sft1p7b|cruxeval,sft1p7b,cruxeval,sample_473,10,0.428125,2.572355,-0.637756,0.0,0.0,0.1,0.0,0.0
sft1p7b|cruxeval,sft1p7b,cruxeval,sample_475,9,0.549329,2.291468,-0.836313,1.0,1.0,1.0,1.0,1.0
sft1p7b|cruxeval,sft1p7b,cruxeval,sample_478,9,0.529994,2.543297,-0.801698,0.111111,0.111111,0.0,0.111111,0.571429
sft1p7b|cruxeval,sft1p7b,cruxeval,sample_479,6,0.34226,2.42342,-1.276902,0.166667,0.333333,0.333333,0.0,0.0
sft1p7b|cruxeval,sft1p7b,cruxeval,sample_48,10,0.71399,2.081045,-1.692302,0.0,0.0,0.0,0.1,0.0
sft1p7b|cruxeval,sft1p7b,cruxeval,sample_482,4,0.685029,2.235505,-0.690413,0.75,1.0,0.75,1.0,1.0
sft1p7b|cruxeval,sft1p7b,cruxeval,sample_486,6,0.45708,2.431242,-1.026899,0.333333,0.0,0.0,0.0,0.636364
sft1p7b|cruxeval,sft1p7b,cruxeval,sample_487,4,0.540577,2.294866,-0.826319,1.0,0.75,0.75,1.0,0.0
sft1p7b|cruxeval,sft1p7b,cruxeval,sample_49,8,0.641527,2.429715,-1.026899,0.75,1.0,0.75,1.0,0.384615
sft1p7b|cruxeval,sft1p7b,cruxeval,sample_492,10,0.465512,2.6264,-0.606965,0.8,0.8,0.7,0.7,1.0
sft1p7b|cruxeval,sft1p7b,cruxeval,sample_493,8,0.51564,2.445182,-0.713224,0.875,0.375,0.0,0.125,0.230769
sft1p7b|cruxeval,sft1p7b,cruxeval,sample_50,7,0.53305,2.473317,-0.682686,0.857143,1.0,1.0,1.0,0.916667
sft1p7b|cruxeval,sft1p7b,cruxeval,sample_502,5,0.654741,2.055518,-0.792948,1.0,0.8,1.0,1.0,1.0
sft1p7b|cruxeval,sft1p7b,cruxeval,sample_504,9,0.561758,2.381667,-0.997814,0.888889,0.666667,0.888889,1.0,0.285714
sft1p7b|cruxeval,sft1p7b,cruxeval,sample_508,8,0.544561,2.569408,-0.59266,0.5,0.375,0.375,0.5,0.076923
sft1p7b|cruxeval,sft1p7b,cruxeval,sample_51,9,0.520134,2.435631,-0.719338,0.888889,0.666667,1.0,0.555556,0.714286
sft1p7b|cruxeval,sft1p7b,cruxeval,sample_511,2,0.622053,2.506363,-1.120648,0.5,0.5,0.5,1.0,1.0
sft1p7b|cruxeval,sft1p7b,cruxeval,sample_517,10,0.455762,2.599067,-0.763493,0.0,0.0,0.0,0.0,0.066667
sft1p7b|cruxeval,sft1p7b,cruxeval,sample_519,5,0.57095,2.368137,-0.943136,1.0,1.0,1.0,0.8,0.6
sft1p7b|cruxeval,sft1p7b,cruxeval,sample_524,10,0.484766,2.592642,-0.514218,0.0,0.0,0.0,0.0,0.0
sft1p7b|cruxeval,sft1p7b,cruxeval,sample_53,10,0.492578,2.645898,-0.670749,0.4,0.4,0.7,0.5,0.533333
sft1p7b|cruxeval,sft1p7b,cruxeval,sample_532,4,0.449463,2.610429,-1.072657,0.75,1.0,0.75,1.0,0.75
sft1p7b|cruxeval,sft1p7b,cruxeval,sample_533,1,0.580128,2.362537,-0.94444,1.0,1.0,1.0,1.0,1.0
sft1p7b|cruxeval,sft1p7b,cruxeval,sample_539,10,0.668167,2.467795,-1.383735,0.0,0.0,0.0,0.0,0.0
sft1p7b|cruxeval,sft1p7b,cruxeval,sample_54,3,0.518231,2.513168,-0.748047,1.0,1.0,1.0,0.666667,1.0
sft1p7b|cruxeval,sft1p7b,cruxeval,sample_549,3,0.575184,2.555016,-1.222972,1.0,1.0,0.666667,1.0,0.666667
sft1p7b|cruxeval,sft1p7b,cruxeval,sample_551,4,0.511963,2.623356,-0.769517,0.5,0.75,0.25,0.25,0.0
sft1p7b|cruxeval,sft1p7b,cruxeval,sample_552,6,0.479568,2.591465,-0.714321,0.5,0.666667,0.666667,0.333333,0.454545
sft1p7b|cruxeval,sft1p7b,cruxeval,sample_555,8,0.567048,2.507438,-0.85944,0.0,0.0,0.0,0.0,0.0
sft1p7b|cruxeval,sft1p7b,cruxeval,sample_56,8,0.616374,2.402977,-0.88341,1.0,1.0,1.0,1.0,0.615385
sft1p7b|cruxeval,sft1p7b,cruxeval,sample_564,9,0.450903,2.634062,-0.736764,0.555556,0.555556,0.666667,0.666667,0.0
sft1p7b|cruxeval,sft1p7b,cruxeval,sample_568,10,0.475338,2.584359,-0.735014,0.0,0.0,0.0,0.0,0.0
sft1p7b|cruxeval,sft1p7b,cruxeval,sample_569,7,0.448352,2.598304,-0.777917,0.714286,0.571429,0.428571,0.571429,1.0
sft1p7b|cruxeval,sft1p7b,cruxeval,sample_575,3,0.583984,2.506167,-0.670683,1.0,1.0,1.0,0.666667,0.0
sft1p7b|cruxeval,sft1p7b,cruxeval,sample_577,8,0.565985,2.509406,-0.749934,0.625,0.625,0.375,0.5,0.307692
sft1p7b|cruxeval,sft1p7b,cruxeval,sample_578,7,0.471968,2.600872,-0.841876,0.142857,0.0,0.0,0.0,0.5
sft1p7b|cruxeval,sft1p7b,cruxeval,sample_582,8,0.502743,2.337784,-0.654244,0.75,1.0,1.0,1.0,0.769231
sft1p7b|cruxeval,sft1p7b,cruxeval,sample_584,9,0.531469,2.600498,-0.743813,0.0,0.0,0.0,0.0,0.0
sft1p7b|cruxeval,sft1p7b,cruxeval,sample_586,7,0.46852,2.406617,-0.676997,1.0,1.0,1.0,0.857143,0.916667
sft1p7b|cruxeval,sft1p7b,cruxeval,sample_587,10,0.653223,2.502717,-0.684489,0.1,0.2,0.1,0.0,0.266667
sft1p7b|cruxeval,sft1p7b,cruxeval,sample_589,3,0.467078,2.393827,-1.026899,1.0,1.0,1.0,1.0,1.0
sft1p7b|cruxeval,sft1p7b,cruxeval,sample_59,10,0.557637,2.559884,-0.756205,0.9,0.8,0.6,1.0,0.866667
sft1p7b|cruxeval,sft1p7b,cruxeval,sample_591,10,0.408887,2.627214,-0.738625,0.0,0.0,0.0,0.0,0.0
sft1p7b|cruxeval,sft1p7b,cruxeval,sample_60,8,0.614821,2.476522,-0.572822,0.75,0.5,0.75,0.625,1.0
sft1p7b|cruxeval,sft1p7b,cruxeval,sample_602,3,0.50687,2.084681,-0.875963,1.0,1.0,1.0,1.0,1.0
sft1p7b|cruxeval,sft1p7b,cruxeval,sample_605,10,0.59993,2.186879,-1.212859,0.2,0.0,0.1,0.0,0.0
sft1p7b|cruxeval,sft1p7b,cruxeval,sample_608,9,0.564345,2.571697,-0.753982,0.111111,0.0,0.0,0.0,0.0
sft1p7b|cruxeval,sft1p7b,cruxeval,sample_609,5,0.661219,2.41291,-0.73012,0.0,0.0,0.0,0.0,0.0
sft1p7b|cruxeval,sft1p7b,cruxeval,sample_612,6,0.549579,2.485199,-0.700537,0.333333,0.5,0.666667,0.333333,0.090909
sft1p7b|cruxeval,sft1p7b,cruxeval,sample_615,9,0.417805,2.592474,-0.649846,1.0,0.888889,1.0,0.888889,1.0
sft1p7b|cruxeval,sft1p7b,cruxeval,sample_617,3,0.724798,1.980134,-0.568082,1.0,1.0,1.0,0.666667,1.0
sft1p7b|cruxeval,sft1p7b,cruxeval,sample_62,10,0.492601,2.502839,-0.689514,0.0,0.0,0.0,0.0,0.0
sft1p7b|cruxeval,sft1p7b,cruxeval,sample_625,10,0.482806,2.499635,-0.701682,0.6,0.4,0.6,0.3,0.666667
sft1p7b|cruxeval,sft1p7b,cruxeval,sample_628,6,0.451125,2.37243,-0.908209,1.0,1.0,1.0,1.0,0.909091
sft1p7b|cruxeval,sft1p7b,cruxeval,sample_63,8,0.549636,2.547408,-0.753597,1.0,0.75,1.0,0.875,0.307692
sft1p7b|cruxeval,sft1p7b,cruxeval,sample_630,10,0.531055,2.611024,-0.905418,0.5,0.4,0.2,0.2,0.333333
sft1p7b|cruxeval,sft1p7b,cruxeval,sample_632,10,0.558887,2.527835,-0.536029,0.2,0.1,0.0,0.0,0.0
sft1p7b|cruxeval,sft1p7b,cruxeval,sample_634,10,0.503142,2.491145,-0.713662,1.0,0.7,0.8,0.8,0.933333
sft1p7b|cruxeval,sft1p7b,cruxeval,sample_652,8,0.530618,2.423139,-1.332465,1.0,1.0,1.0,1.0,0.538462
sft1p7b|cruxeval,sft1p7b,cruxeval,sample_658,10,0.50687,2.582394,-0.790961,0.2,0.0,0.0,0.0,0.0
sft1p7b|cruxeval,sft1p7b,cruxeval,sample_660,10,0.486523,2.596508,-0.596812,0.6,0.6,0.3,0.5,0.0
sft1p7b|cruxeval,sft1p7b,cruxeval,sample_662,3,0.521433,2.533574,-0.956262,1.0,0.333333,1.0,1.0,1.0
sft1p7b|cruxeval,sft1p7b,cruxeval,sample_665,10,0.419104,2.615128,-0.702603,0.0,0.0,0.1,0.1,0.666667
sft1p7b|cruxeval,sft1p7b,cruxeval,sample_67,10,0.499869,2.415184,-0.784539,0.9,1.0,0.8,0.9,0.933333
sft1p7b|cruxeval,sft1p7b,cruxeval,sample_677,10,0.47627,2.606747,-0.623701,0.9,0.6,0.7,0.7,0.266667
sft1p7b|cruxeval,sft1p7b,cruxeval,sample_678,4,0.597957,2.462979,-0.92645,0.25,0.0,0.25,0.0,1.0
sft1p7b|cruxeval,sft1p7b,cruxeval,sample_679,9,0.620468,2.563749,-0.974981,0.888889,0.888889,0.555556,1.0,0.0
sft1p7b|cruxeval,sft1p7b,cruxeval,sample_683,5,0.540607,2.469023,-0.789196,0.0,0.0,0.0,0.2,1.0
sft1p7b|cruxeval,sft1p7b,cruxeval,sample_686,8,0.562705,2.530285,-0.967214,0.125,0.0,0.0,0.0,0.0
sft1p7b|cruxeval,sft1p7b,cruxeval,sample_688,6,0.343288,2.590824,-0.999311,0.833333,1.0,1.0,1.0,1.0
sft1p7b|cruxeval,sft1p7b,cruxeval,sample_689,1,0.453008,2.422282,-1.072657,1.0,1.0,1.0,1.0,1.0
sft1p7b|cruxeval,sft1p7b,cruxeval,sample_695,2,0.662362,2.157597,-1.172534,0.0,0.0,0.0,0.0,1.0
sft1p7b|cruxeval,sft1p7b,cruxeval,sample_701,7,0.587891,2.566185,-0.767661,0.142857,0.285714,0.285714,0.142857,0.583333
sft1p7b|cruxeval,sft1p7b,cruxeval,sample_707,10,0.453886,2.606763,-0.840809,0.7,0.9,0.9,0.9,0.133333
sft1p7b|cruxeval,sft1p7b,cruxeval,sample_71,9,0.534153,2.532138,-0.866202,0.444444,0.222222,0.333333,0.333333,0.0
sft1p7b|cruxeval,sft1p7b,cruxeval,sample_710,3,0.542697,2.497722,-0.908209,0.333333,0.333333,0.0,0.0,0.5
sft1p7b|cruxeval,sft1p7b,cruxeval,sample_715,5,0.527198,2.470723,-0.767262,1.0,0.4,1.0,0.8,0.2
sft1p7b|cruxeval,sft1p7b,cruxeval,sample_717,10,0.443262,2.567661,-0.590757,0.5,0.3,0.5,0.5,0.333333
sft1p7b|cruxeval,sft1p7b,cruxeval,sample_725,2,0.535738,2.330418,-0.97487,1.0,1.0,1.0,1.0,1.0
sft1p7b|cruxeval,sft1p7b,cruxeval,sample_730,2,0.358887,2.703583,-0.774456,1.0,0.5,1.0,1.0,1.0
sft1p7b|cruxeval,sft1p7b,cruxeval,sample_732,3,0.440073,2.555954,-0.672176,0.0,0.0,0.333333,0.0,1.0
sft1p7b|cruxeval,sft1p7b,cruxeval,sample_734,9,0.48491,2.560974,-0.934449,0.888889,0.888889,0.888889,0.666667,0.071429
sft1p7b|cruxeval,sft1p7b,cruxeval,sample_737,6,0.525996,2.519553,-1.507276,0.666667,1.0,0.833333,0.5,0.818182
sft1p7b|cruxeval,sft1p7b,cruxeval,sample_741,2,0.374504,2.519502,-0.984227,1.0,1.0,1.0,1.0,1.0
sft1p7b|cruxeval,sft1p7b,cruxeval,sample_748,5,0.55921,2.553743,-0.533794,0.2,0.2,0.0,0.0,0.6
sft1p7b|cruxeval,sft1p7b,cruxeval,sample_749,10,0.612075,2.514459,-0.606424,0.0,0.0,0.0,0.0,0.0
sft1p7b|cruxeval,sft1p7b,cruxeval,sample_75,4,0.360282,2.689677,-1.023983,0.5,1.0,0.5,1.0,1.0
sft1p7b|cruxeval,sft1p7b,cruxeval,sample_753,4,0.46745,2.566314,-0.984227,0.25,0.75,0.25,0.5,0.0
sft1p7b|cruxeval,sft1p7b,cruxeval,sample_756,9,0.612442,2.455805,-0.908209,0.888889,1.0,1.0,1.0,0.714286
sft1p7b|cruxeval,sft1p7b,cruxeval,sample_760,7,0.528878,2.597757,-0.717569,0.428571,0.285714,0.571429,0.0,0.0
sft1p7b|cruxeval,sft1p7b,cruxeval,sample_776,3,0.643417,2.321136,-1.077277,0.0,0.0,0.0,0.0,1.0
sft1p7b|cruxeval,sft1p7b,cruxeval,sample_778,8,0.477393,2.537205,-0.900869,0.875,0.5,0.75,0.875,0.923077
sft1p7b|cruxeval,sft1p7b,cruxeval,sample_780,4,0.488037,2.599031,-0.958424,1.0,0.75,0.75,1.0,1.0
sft1p7b|cruxeval,sft1p7b,cruxeval,sample_784,8,0.592724,2.463866,-0.762864,0.25,0.75,0.625,0.25,0.846154
sft1p7b|cruxeval,sft1p7b,cruxeval,sample_789,8,0.503366,2.524393,-0.875963,1.0,1.0,0.875,1.0,0.846154
sft1p7b|cruxeval,sft1p7b,cruxeval,sample_79,7,0.508323,2.420877,-1.222972,0.857143,0.571429,0.857143,0.857143,1.0
sft1p7b|cruxeval,sft1p7b,cruxeval,sample_790,3,0.610919,2.506228,-0.656392,0.0,0.0,0.666667,0.666667,0.0
sft1p7b|cruxeval,sft1p7b,cruxeval,sample_792,8,0.515479,2.525427,-0.845181,0.125,0.125,0.0,0.25,0.0
sft1p7b|cruxeval,sft1p7b,cruxeval,sample_799,9,0.488065,2.549584,-0.886403,0.222222,0.888889,0.444444,0.444444,0.571429
sft1p7b|cruxeval,sft1p7b,cruxeval,sample_83,10,0.426776,2.6105,-0.691617,1.0,1.0,1.0,1.0,1.0
sft1p7b|cruxeval,sft1p7b,cruxeval,sample_84,10,0.429123,2.576265,-0.853027,0.2,0.0,0.2,0.0,0.066667
sft1p7b|cruxeval,sft1p7b,cruxeval,sample_85,8,0.493136,2.5928,-0.818308,0.5,0.125,0.25,0.875,0.230769
sft1p7b|cruxeval,sft1p7b,cruxeval,sample_89,9,0.58173,2.472569,-1.276902,0.888889,0.888889,0.777778,0.888889,0.642857
sft1p7b|cruxeval,sft1p7b,cruxeval,sample_90,5,0.519855,2.538332,-0.674241,1.0,0.6,0.8,0.8,1.0
sft1p7b|cruxeval,sft1p7b,cruxeval,sample_91,3,0.502978,2.542012,-1.034868,0.333333,0.666667,1.0,0.333333,1.0
sft1p7b|cruxeval,sft1p7b,cruxeval,sample_95,2,0.592537,2.360651,-1.085597,1.0,1.0,1.0,1.0,1.0
sft1p7b|gpqa,sft1p7b,gpqa,gpqa_rec06pnAkLOr2t2mp,50,0.558438,2.584211,-0.610572,0.1,0.0,0.0,0.0,0.0
sft1p7b|gpqa,sft1p7b,gpqa,gpqa_rec0Arme2jcXQZnAW,50,0.640338,2.549659,-0.550436,0.0,0.0,0.0,0.2,0.0
sft1p7b|gpqa,sft1p7b,gpqa,gpqa_rec0VuKUjt1SZ7NYv,50,0.646504,2.582634,-0.62875,0.1,0.0,0.0,0.0,0.0
sft1p7b|gpqa,sft1p7b,gpqa,gpqa_rec0wZvZgiz320KRs,47,0.399248,2.70794,-0.723985,0.2,0.1,0.1,0.2,0.0
sft1p7b|gpqa,sft1p7b,gpqa,gpqa_rec0yTRmO1o1xCA6H,26,0.661356,2.648362,-0.593847,0.1,0.1,0.4,0.1,0.9
sft1p7b|gpqa,sft1p7b,gpqa,gpqa_rec1oj2DveQWl9Rpw,50,0.453867,2.628757,-0.678244,0.0,0.0,0.0,0.0,0.2
sft1p7b|gpqa,sft1p7b,gpqa,gpqa_rec1zl5LvaatzGhFt,50,0.599422,2.573479,-0.582875,0.2,0.0,0.2,0.1,0.0
sft1p7b|gpqa,sft1p7b,gpqa,gpqa_rec260hNUCEj109Dj,50,0.559086,2.609306,-0.586234,0.0,0.0,0.0,0.0,0.0
sft1p7b|gpqa,sft1p7b,gpqa,gpqa_rec2UlKqC6RFHdcro,50,0.703548,2.534422,-0.57533,0.0,0.0,0.0,0.0,0.0
sft1p7b|gpqa,sft1p7b,gpqa,gpqa_rec2ZTsqazBZ3LTWZ,50,0.659277,2.580902,-0.574605,0.2,0.2,0.1,0.2,0.0
sft1p7b|gpqa,sft1p7b,gpqa,gpqa_rec2fsnzUuvNtUYK8,33,0.650597,2.548693,-0.582538,0.1,0.3,0.4,0.4,0.8
sft1p7b|gpqa,sft1p7b,gpqa,gpqa_rec32C1ZEapBnCC0E,50,0.668861,2.556321,-0.590448,0.0,0.0,0.0,0.1,0.0
sft1p7b|gpqa,sft1p7b,gpqa,gpqa_rec47oNPXudlTIk4y,45,0.640451,2.600762,-0.56346,0.1,0.3,0.2,0.0,0.2
sft1p7b|gpqa,sft1p7b,gpqa,gpqa_rec4JrWy7Il8ho5vk,45,0.655252,2.587467,-0.679591,0.2,0.3,0.3,0.1,0.0
sft1p7b|gpqa,sft1p7b,gpqa,gpqa_rec4L69T0Y1AS4AFS,3,0.614418,2.585269,-0.478768,0.666667,0.333333,1.0,0.333333,1.0
sft1p7b|gpqa,sft1p7b,gpqa,gpqa_rec4UqStf9WUVif1f,49,0.581716,2.606612,-0.637767,0.0,0.0,0.0,0.0,0.2
sft1p7b|gpqa,sft1p7b,gpqa,gpqa_rec4r4KWNLrT7g2kR,34,0.685173,2.49885,-0.498542,0.3,0.0,0.3,0.1,0.0
sft1p7b|gpqa,sft1p7b,gpqa,gpqa_rec527dNeEtWJrYNl,40,0.811035,2.542082,-0.553685,0.9,0.9,0.7,0.9,0.9
sft1p7b|gpqa,sft1p7b,gpqa,gpqa_rec5eA17Qr1ucNLUf,50,0.731152,2.542677,-0.575666,0.0,0.0,0.0,0.0,0.0
sft1p7b|gpqa,sft1p7b,gpqa,gpqa_rec5rjeLsEq5Fg7Oj,50,0.58959,2.606855,-0.671268,0.1,0.1,0.1,0.3,0.0
sft1p7b|gpqa,sft1p7b,gpqa,gpqa_rec6sE2CRtD4drtHg,38,0.705321,2.525848,-0.539546,0.6,0.7,0.7,0.4,0.5
sft1p7b|gpqa,sft1p7b,gpqa,gpqa_rec7C06XOB2h298ue,46,0.564274,2.564057,-0.704358,0.1,0.0,0.0,0.0,0.2
sft1p7b|gpqa,sft1p7b,gpqa,gpqa_rec7qmSnbud4FHSqL,50,0.562051,2.623049,-0.617647,0.1,0.0,0.1,0.0,0.8
sft1p7b|gpqa,sft1p7b,gpqa,gpqa_rec8nshandHARTkrg,5,0.582031,2.608293,-0.734435,0.2,0.2,0.4,0.2,0.2
sft1p7b|gpqa,sft1p7b,gpqa,gpqa_rec8y3ZrBOcLgNEkE,41,0.671804,2.579277,-0.604545,0.3,0.5,0.8,0.6,0.1
sft1p7b|gpqa,sft1p7b,gpqa,gpqa_rec9GugrngvsQR99A,45,0.643548,2.550572,-0.455757,0.3,0.1,0.4,0.3,0.0
sft1p7b|gpqa,sft1p7b,gpqa,gpqa_rec9W28HgpEUeUN8k,50,0.591691,2.596047,-0.591318,0.1,0.0,0.0,0.0,0.0
sft1p7b|gpqa,sft1p7b,gpqa,gpqa_rec9ubQihAh6g9bft,50,0.65653,2.447095,-0.637161,0.0,0.1,0.1,0.0,0.0
sft1p7b|gpqa,sft1p7b,gpqa,gpqa_recA1i5ZAh0Uzclxp,50,0.604375,2.574199,-0.595726,0.0,0.0,0.2,0.2,0.0
sft1p7b|gpqa,sft1p7b,gpqa,gpqa_recAAJoHMW45Lv5je,50,0.622125,2.572465,-0.567353,0.0,0.1,0.0,0.0,0.0
sft1p7b|gpqa,sft1p7b,gpqa,gpqa_recAYkd96NNuNl1Ei,50,0.693875,2.572505,-0.534557,0.1,0.0,0.0,0.0,0.0
sft1p7b|gpqa,sft1p7b,gpqa,gpqa_recBGxVySx1pkrO1i,49,0.610836,2.555385,-0.541388,0.1,0.0,0.0,0.1,0.0
sft1p7b|gpqa,sft1p7b,gpqa,gpqa_recBXlqrZUCR897It,50,0.651835,2.523443,-0.509641,0.2,0.0,0.2,0.0,0.2
sft1p7b|gpqa,sft1p7b,gpqa,gpqa_recBhnXrUyTJ6WHIR,46,0.67886,2.591239,-0.600666,0.0,0.3,0.2,0.0,0.5
sft1p7b|gpqa,sft1p7b,gpqa,gpqa_recBtVK8rBVtIlXDq,19,0.715666,2.579523,-0.500357,0.9,0.6,0.8,0.8,1.0
sft1p7b|gpqa,sft1p7b,gpqa,gpqa_recCJJOeBGERaHYax,50,0.633249,2.519662,-0.551438,0.0,0.0,0.2,0.2,0.3
sft1p7b|gpqa,sft1p7b,gpqa,gpqa_recD8oX1KevFbl7bL,50,0.638418,2.617707,-0.640045,0.0,0.1,0.1,0.1,0.0
sft1p7b|gpqa,sft1p7b,gpqa,gpqa_recDDxpS9s8cwkqfq,41,0.491126,2.643361,-0.565522,0.1,0.2,0.1,0.0,0.0
sft1p7b|gpqa,sft1p7b,gpqa,gpqa_recDj2Y2BbtV02Wv5,50,0.667845,2.537247,-0.576453,0.4,0.4,0.3,0.2,0.0
sft1p7b|gpqa,sft1p7b,gpqa,gpqa_recDytVnNYZe2HuUU,50,0.555,2.587103,-0.638179,0.1,0.0,0.0,0.2,0.0
sft1p7b|gpqa,sft1p7b,gpqa,gpqa_recE2ihVfqEK4R9d0,50,0.544531,2.608995,-0.590993,0.1,0.0,0.0,0.0,0.0
sft1p7b|gpqa,sft1p7b,gpqa,gpqa_recEmTBhx2hgw6tPQ,44,0.56634,2.576531,-0.566445,0.4,0.5,0.5,0.5,0.4
sft1p7b|gpqa,sft1p7b,gpqa,gpqa_recFaL6j8UMhutXrc,48,0.632812,2.566715,-0.584047,0.2,0.3,0.1,0.2,0.3
sft1p7b|gpqa,sft1p7b,gpqa,gpqa_recG1ljJQcVy6CbSl,49,0.543905,2.62084,-0.590029,0.1,0.5,0.3,0.2,0.2
sft1p7b|gpqa,sft1p7b,gpqa,gpqa_recGFKDUd8qgz81Zl,50,0.61634,2.542522,-0.551654,0.0,0.0,0.1,0.2,0.1
sft1p7b|gpqa,sft1p7b,gpqa,gpqa_recGFNRVl1qBZGwyU,46,0.710407,2.487023,-0.510862,0.6,0.0,0.1,0.3,0.0
sft1p7b|gpqa,sft1p7b,gpqa,gpqa_recGee5m84dg5FZkc,50,0.730273,2.503776,-0.502122,0.0,0.0,0.0,0.1,0.0
sft1p7b|gpqa,sft1p7b,gpqa,gpqa_recHVUd2DkoKfedJZ,49,0.611133,2.592869,-0.532735,0.1,0.0,0.2,0.1,0.1
sft1p7b|gpqa,sft1p7b,gpqa,gpqa_recI1ls9OXdxatHQn,37,0.463102,2.656858,-0.593805,0.1,0.3,0.2,0.2,0.2
sft1p7b|gpqa,sft1p7b,gpqa,gpqa_recIDiDKKrN61Auyr,46,0.719852,2.527069,-0.527751,0.0,0.1,0.0,0.1,0.0
sft1p7b|gpqa,sft1p7b,gpqa,gpqa_recIIUynGGpsGEYuo,49,0.671456,2.596566,-0.571934,0.0,0.0,0.1,0.1,0.0
sft1p7b|gpqa,sft1p7b,gpqa,gpqa_recIMcQfaQNa6vzsT,46,0.6181,2.595073,-0.661359,0.2,0.3,0.1,0.5,0.2
sft1p7b|gpqa,sft1p7b,gpqa,gpqa_recINGR1z01Fh1Z3A,45,0.54477,2.622429,-0.60691,0.1,0.1,0.2,0.2,0.2
sft1p7b|gpqa,sft1p7b,gpqa,gpqa_recINSFEYLCyyd08m,50,0.574423,2.617932,-0.665539,0.1,0.2,0.0,0.1,0.0
sft1p7b|gpqa,sft1p7b,gpqa,gpqa_recIOlKBsOeEcgkA1,45,0.703624,2.577791,-0.538449,0.0,0.0,0.0,0.1,0.4
sft1p7b|gpqa,sft1p7b,gpqa,gpqa_recIj8lR4tuDgrHou,50,0.644883,2.546539,-0.544717,0.0,0.1,0.0,0.0,0.0
sft1p7b|gpqa,sft1p7b,gpqa,gpqa_recIlghoOw5VbY4Zh,50,0.619707,2.547226,-0.606935,0.0,0.0,0.0,0.0,0.0
sft1p7b|gpqa,sft1p7b,gpqa,gpqa_recJJcOHhFeSaRpl4,48,0.585776,2.57172,-0.592311,0.0,0.2,0.0,0.0,0.2
sft1p7b|gpqa,sft1p7b,gpqa,gpqa_recJZ3QEfRKjYw9a7,50,0.679863,2.504173,-0.598397,0.0,0.2,0.0,0.0,0.0
sft1p7b|gpqa,sft1p7b,gpqa,gpqa_recJpyGtGIsxulevT,50,0.446602,2.621936,-0.641004,0.1,0.0,0.5,0.3,0.0
sft1p7b|gpqa,sft1p7b,gpqa,gpqa_recK9F5aqdaybl8bb,46,0.614534,2.54751,-0.545322,0.3,0.2,0.2,0.1,0.1
sft1p7b|gpqa,sft1p7b,gpqa,gpqa_recKcjTwONILZqHAX,44,0.671203,2.548983,-0.606395,0.4,0.2,0.3,0.2,1.0
sft1p7b|gpqa,sft1p7b,gpqa,gpqa_recKm6LNWykGapmCr,49,0.726941,2.586364,-0.662591,0.1,0.1,0.1,0.1,0.0
sft1p7b|gpqa,sft1p7b,gpqa,gpqa_recKv4hFyNpViUXnL,50,0.662148,2.571418,-0.526932,0.0,0.0,0.0,0.0,0.0
sft1p7b|gpqa,sft1p7b,gpqa,gpqa_recL9MFV5zmdlle5T,49,0.710918,2.524743,-0.557297,0.0,0.0,0.0,0.0,0.0
sft1p7b|gpqa,sft1p7b,gpqa,gpqa_recLAgwx9vbgB5EHk,45,0.607304,2.568136,-0.582353,0.2,0.1,0.3,0.3,0.1
sft1p7b|gpqa,sft1p7b,gpqa,gpqa_recLB0EkQ54bYVhnd,50,0.518636,2.561234,-0.670935,0.0,0.0,0.0,0.0,0.0
sft1p7b|gpqa,sft1p7b,gpqa,gpqa_recLSzwBUS3olCjhl,50,0.661484,2.535045,-0.555156,0.0,0.0,0.1,0.1,0.0
sft1p7b|gpqa,sft1p7b,gpqa,gpqa_recLrRirj7iXoB0rU,47,0.597095,2.591326,-0.585055,0.0,0.0,0.0,0.2,0.0
sft1p7b|gpqa,sft1p7b,gpqa,gpqa_recMicVBcqy1xM1jq,50,0.688392,2.565157,-0.563355,0.1,0.1,0.1,0.0,0.0
sft1p7b|gpqa,sft1p7b,gpqa,gpqa_recN4DY9Q5V03glmQ,50,0.561983,2.668333,-0.657534,0.0,0.0,0.0,0.0,0.0
sft1p7b|gpqa,sft1p7b,gpqa,gpqa_recNAiPUKOulQbKVP,48,0.696716,2.51703,-0.537162,0.3,0.1,0.1,0.0,0.0
sft1p7b|gpqa,sft1p7b,gpqa,gpqa_recNFJjE5PPTqVJGv,49,0.424267,2.671411,-0.493517,0.1,0.4,0.1,0.2,0.2
sft1p7b|gpqa,sft1p7b,gpqa,gpqa_recNu3MXkvWUzHZr9,50,0.573633,2.586492,-0.620144,0.0,0.0,0.0,0.0,0.0
sft1p7b|gpqa,sft1p7b,gpqa,gpqa_recNuT2oSnO86bxOx,50,0.719219,2.530762,-0.537595,0.2,0.2,0.2,0.0,0.0
sft1p7b|gpqa,sft1p7b,gpqa,gpqa_recO3hvCWRGiG0odN,45,0.621181,2.554635,-0.619482,0.3,0.3,0.3,0.5,0.3
sft1p7b|gpqa,sft1p7b,gpqa,gpqa_recOYsaYs6RmtlTDy,44,0.526567,2.603854,-0.61067,0.4,0.3,0.7,0.5,0.6
sft1p7b|gpqa,sft1p7b,gpqa,gpqa_recOkA2zsy4GSMD9R,50,0.646328,2.576209,-0.587567,0.1,0.0,0.1,0.0,0.0
sft1p7b|gpqa,sft1p7b,gpqa,gpqa_recOvqPKUtyy9ISA1,43,0.663699,2.533314,-0.573369,0.5,0.1,0.4,0.3,0.0
sft1p7b|gpqa,sft1p7b,gpqa,gpqa_recPIzpnuYpB4yvmp,50,0.534141,2.628648,-0.604398,0.0,0.0,0.0,0.0,0.0
sft1p7b|gpqa,sft1p7b,gpqa,gpqa_recPL4ZPpVYxgMu57,20,0.684473,2.593601,-0.524649,0.8,0.6,1.0,0.6,0.7
sft1p7b|gpqa,sft1p7b,gpqa,gpqa_recPSTGXK3P39yNYT,30,0.561589,2.610871,-0.710549,0.5,0.5,0.1,0.3,0.7
sft1p7b|gpqa,sft1p7b,gpqa,gpqa_recPzW1WqRnPs57D6,50,0.696855,2.564011,-0.53316,0.2,0.0,0.1,0.0,0.0
sft1p7b|gpqa,sft1p7b,gpqa,gpqa_recQ8oxSY2aCwFRS8,49,0.653699,2.557139,-0.552126,0.0,0.0,0.1,0.0,0.1
sft1p7b|gpqa,sft1p7b,gpqa,gpqa_recQiWOxhkXRz9NVE,46,0.714143,2.526237,-0.619554,0.1,0.1,0.4,0.1,0.1
sft1p7b|gpqa,sft1p7b,gpqa,gpqa_recRTiyaRymerDJ4y,50,0.629902,2.600697,-0.587106,0.2,0.0,0.1,0.0,0.2
sft1p7b|gpqa,sft1p7b,gpqa,gpqa_recRZjaElf8ft7xTq,50,0.640371,2.592939,-0.533357,0.0,0.0,0.0,0.0,0.0
sft1p7b|gpqa,sft1p7b,gpqa,gpqa_recReg13iV2HwJTaA,49,0.655109,2.542486,-0.556292,0.0,0.0,0.0,0.0,0.0
sft1p7b|gpqa,sft1p7b,gpqa,gpqa_recRgabRzMaEoBRcM,49,0.567443,2.564393,-0.553272,0.2,0.0,0.0,0.1,0.1
sft1p7b|gpqa,sft1p7b,gpqa,gpqa_recRhwQwHijW0gCLo,50,0.518379,2.673617,-0.640789,0.2,0.1,0.1,0.0,0.0
sft1p7b|gpqa,sft1p7b,gpqa,gpqa_recS48OsU6kVadBPW,40,0.509766,2.625225,-0.606807,0.4,0.5,0.7,0.5,0.5
sft1p7b|gpqa,sft1p7b,gpqa,gpqa_recSBcGLPatKb3Ygu,50,0.546973,2.656249,-0.615413,0.1,0.1,0.1,0.0,0.1
sft1p7b|gpqa,sft1p7b,gpqa,gpqa_recTs7qzfJs6kfLUK,49,0.511001,2.671133,-0.530057,0.4,0.2,0.1,0.2,0.0
sft1p7b|gpqa,sft1p7b,gpqa,gpqa_recUBgVlkKzcRPDdK,34,0.678855,2.592774,-0.561449,0.5,0.5,0.6,0.3,0.2
sft1p7b|gpqa,sft1p7b,gpqa,gpqa_recUOePh79cp4T2Bg,47,0.607214,2.577866,-0.575587,0.1,0.1,0.2,0.1,0.0
sft1p7b|gpqa,sft1p7b,gpqa,gpqa_recUc29lMDBEvurYo,50,0.631699,2.562786,-0.622021,0.1,0.0,0.0,0.0,0.0
sft1p7b|gpqa,sft1p7b,gpqa,gpqa_recV1nqYQvpII94oC,50,0.750391,2.549645,-0.578018,0.5,0.0,0.5,0.1,0.0
sft1p7b|gpqa,sft1p7b,gpqa,gpqa_recVE8cUNHpHZIAvL,50,0.669375,2.588644,-0.53894,0.0,0.1,0.0,0.0,0.0
sft1p7b|gpqa,sft1p7b,gpqa,gpqa_recVEXvhYxAhELVqB,48,0.571798,2.569636,-0.539193,0.7,0.0,0.3,0.3,0.1
sft1p7b|gpqa,sft1p7b,gpqa,gpqa_recVvpD8miVjmmyfe,50,0.480352,2.657786,-0.695181,0.0,0.0,0.0,0.0,0.0
sft1p7b|gpqa,sft1p7b,gpqa,gpqa_recWPMm91mGDLXONm,45,0.628385,2.539589,-0.526863,0.3,0.6,0.3,0.3,0.3
sft1p7b|gpqa,sft1p7b,gpqa,gpqa_recWXwn9v4IG9ZrM6,31,0.683688,2.563078,-0.556462,0.5,0.4,0.4,0.4,0.4
sft1p7b|gpqa,sft1p7b,gpqa,gpqa_recWxGU8Q4YReJ1tb,48,0.583028,2.566323,-0.485377,0.1,0.0,0.1,0.0,0.0
sft1p7b|gpqa,sft1p7b,gpqa,gpqa_recWzUUYBN0NuXO2k,49,0.407506,2.671563,-0.666613,0.0,0.2,0.2,0.1,0.0
sft1p7b|gpqa,sft1p7b,gpqa,gpqa_recXsYa3i2UhGF5fe,48,0.597778,2.596113,-0.590386,0.1,0.1,0.1,0.0,0.1
sft1p7b|gpqa,sft1p7b,gpqa,gpqa_recXvQ6gWAmyakrpD,42,0.620775,2.598603,-0.572539,0.2,0.2,0.1,0.0,0.0
sft1p7b|gpqa,sft1p7b,gpqa,gpqa_recYA3LPsCvF1fTMI,50,0.684434,2.523456,-0.498033,0.0,0.0,0.0,0.0,0.0
sft1p7b|gpqa,sft1p7b,gpqa,gpqa_recYCMJWH7IpcdqwE,43,0.62123,2.570389,-0.4649,0.3,0.2,0.2,0.0,0.4
sft1p7b|gpqa,sft1p7b,gpqa,gpqa_recYOzCsevNz61Lyn,45,0.622938,2.573055,-0.594395,0.2,0.2,0.1,0.2,0.0
sft1p7b|gpqa,sft1p7b,gpqa,gpqa_recYt8xx80OTyDsL0,6,0.728181,2.44266,-0.478582,0.5,0.5,0.5,0.666667,0.666667
sft1p7b|gpqa,sft1p7b,gpqa,gpqa_recZ13cwgDQf9jRd9,49,0.645289,2.51517,-0.533556,0.2,0.4,0.2,0.0,0.0
sft1p7b|gpqa,sft1p7b,gpqa,gpqa_recZSGUkn56v9kEp1,49,0.614198,2.569339,-0.553356,0.3,0.2,0.2,0.4,0.0
sft1p7b|gpqa,sft1p7b,gpqa,gpqa_recZWeueB7lSPR6wN,50,0.671641,2.513991,-0.514556,0.2,0.1,0.1,0.0,0.0
sft1p7b|gpqa,sft1p7b,gpqa,gpqa_recZbxrocrxh9YENH,32,0.629852,2.565576,-0.559128,0.9,0.5,0.4,0.7,0.6
sft1p7b|gpqa,sft1p7b,gpqa,gpqa_recZdZxsN0AxDx0pB,46,0.610479,2.605211,-0.560915,0.6,0.2,0.2,0.2,0.2
sft1p7b|gpqa,sft1p7b,gpqa,gpqa_recZt4x514UQNnsgy,48,0.544454,2.608773,-0.562135,0.1,0.1,0.0,0.0,0.0
sft1p7b|gpqa,sft1p7b,gpqa,gpqa_reca44yABeO2fx7UB,50,0.546431,2.624612,-0.62882,0.2,0.1,0.1,0.1,0.0
sft1p7b|gpqa,sft1p7b,gpqa,gpqa_recaXdGn3FAIkxLGM,50,0.55672,2.589318,-0.60717,0.2,0.1,0.1,0.0,0.0
sft1p7b|gpqa,sft1p7b,gpqa,gpqa_recafnH3RRnMBXEb1,42,0.668318,2.579898,-0.532609,0.3,0.3,0.5,0.6,0.3
sft1p7b|gpqa,sft1p7b,gpqa,gpqa_recakFKZioXUuldcd,50,0.593549,2.589955,-0.609785,0.0,0.1,0.0,0.1,0.0
sft1p7b|gpqa,sft1p7b,gpqa,gpqa_recatj4YXzbOaq3Ar,31,0.658266,2.596055,-0.606747,0.3,0.1,0.4,0.2,0.6
sft1p7b|gpqa,sft1p7b,gpqa,gpqa_recb2M22zaD3tL6Qc,49,0.582262,2.564541,-0.574775,0.2,0.0,0.0,0.2,0.1
sft1p7b|gpqa,sft1p7b,gpqa,gpqa_recb4cGsC6BJUCU3V,33,0.642193,2.551318,-0.594492,0.4,0.2,0.4,0.4,0.4
sft1p7b|gpqa,sft1p7b,gpqa,gpqa_recb80OwMgNnceA9t,48,0.630458,2.527164,-0.503169,0.3,0.2,0.6,0.3,0.1
sft1p7b|gpqa,sft1p7b,gpqa,gpqa_reccOKzFNmyqeJ6ry,46,0.615489,2.584991,-0.545802,0.4,0.4,0.4,0.3,0.1
sft1p7b|gpqa,sft1p7b,gpqa,gpqa_reccVBrYdwsB84fGy,48,0.686259,2.545948,-0.599984,0.2,0.0,0.0,0.1,0.0
sft1p7b|gpqa,sft1p7b,gpqa,gpqa_reccVFW11Elovnf8T,43,0.72173,2.554356,-0.505155,0.1,0.2,0.2,0.2,0.1
sft1p7b|gpqa,sft1p7b,gpqa,gpqa_recclFbsjbaiVVnnV,50,0.623103,2.552955,-0.509346,0.2,0.2,0.5,0.2,0.2
sft1p7b|gpqa,sft1p7b,gpqa,gpqa_recdya6FuYraBU5Rh,49,0.712392,2.545619,-0.672875,0.1,0.0,0.0,0.3,0.0
sft1p7b|gpqa,sft1p7b,gpqa,gpqa_receYQxnUBvxPcvbQ,50,0.710098,2.560273,-0.553637,0.0,0.0,0.0,0.1,0.0
sft1p7b|gpqa,sft1p7b,gpqa,gpqa_receo3UUzRvWCqyfA,31,0.616819,2.586655,-0.499556,0.1,0.2,0.3,0.1,0.3
sft1p7b|gpqa,sft1p7b,gpqa,gpqa_recf6ayQmL1SxKbvW,48,0.74053,2.550649,-0.625748,0.1,0.3,0.6,0.4,0.1
sft1p7b|gpqa,sft1p7b,gpqa,gpqa_recfTlTMjZBuOducT,50,0.623535,2.577751,-0.619885,0.0,0.0,0.1,0.0,0.0
sft1p7b|gpqa,sft1p7b,gpqa,gpqa_recgC4GJ8wUemlUQD,50,0.696752,2.527158,-0.588192,0.2,0.0,0.1,0.1,0.0
sft1p7b|gpqa,sft1p7b,gpqa,gpqa_recgI6tUQ7RLJRWGx,40,0.576636,2.621444,-0.615903,0.6,0.4,0.6,0.6,0.6
sft1p7b|gpqa,sft1p7b,gpqa,gpqa_recgM7o1tcc7tP778,50,0.648613,2.570121,-0.590864,0.1,0.2,0.2,0.1,0.0
sft1p7b|gpqa,sft1p7b,gpqa,gpqa_recgXxEgllSGEpELP,50,0.519222,2.691131,-0.627946,0.1,0.0,0.0,0.0,0.0
sft1p7b|gpqa,sft1p7b,gpqa,gpqa_rechKl68Uc6H7vU0N,46,0.632017,2.53036,-0.569691,0.2,0.2,0.2,0.3,0.3
sft1p7b|gpqa,sft1p7b,gpqa,gpqa_rechgQucGlrnt8KRV,50,0.538936,2.61617,-0.608528,0.0,0.0,0.0,0.0,0.0
sft1p7b|gpqa,sft1p7b,gpqa,gpqa_rechtUKxC6G67H7Pr,11,0.564364,2.585488,-0.552741,0.7,0.6,0.9,0.8,0.6
sft1p7b|gpqa,sft1p7b,gpqa,gpqa_recihePFulRgNKsIn,31,0.630418,2.550233,-0.645488,0.2,0.1,0.0,0.0,0.1
sft1p7b|gpqa,sft1p7b,gpqa,gpqa_reciuppdQde4FGX1z,50,0.641445,2.568843,-0.632584,0.0,0.0,0.0,0.0,0.0
sft1p7b|gpqa,sft1p7b,gpqa,gpqa_recixxJmdux0d8LZQ,50,0.63591,2.563638,-0.570646,0.0,0.2,0.2,0.2,0.4
sft1p7b|gpqa,sft1p7b,gpqa,gpqa_recjJ54TXc04enRkZ,50,0.682383,2.531808,-0.560684,0.4,0.2,0.3,0.1,0.0
sft1p7b|gpqa,sft1p7b,gpqa,gpqa_recjgMJaMxz4ESDF2,50,0.609153,2.573664,-0.530521,0.1,0.3,0.3,0.1,0.0
sft1p7b|gpqa,sft1p7b,gpqa,gpqa_reck1zKeCssmN82Ga,50,0.641152,2.546988,-0.565239,0.1,0.5,0.5,0.3,0.0
sft1p7b|gpqa,sft1p7b,gpqa,gpqa_reck4G4xxv3YnpbtQ,42,0.62207,2.525775,-0.543487,0.4,0.1,0.2,0.5,0.3
sft1p7b|gpqa,sft1p7b,gpqa,gpqa_reckEnrOPFT9Ru7tW,50,0.568516,2.599373,-0.529408,0.0,0.0,0.1,0.0,0.0
sft1p7b|gpqa,sft1p7b,gpqa,gpqa_reckYqR92oJkqJXkE,48,0.697228,2.575988,-0.631644,0.0,0.1,0.0,0.1,0.1
sft1p7b|gpqa,sft1p7b,gpqa,gpqa_reckl6PkaEMWM50yZ,50,0.591621,2.547802,-0.549247,0.0,0.1,0.0,0.1,0.0
sft1p7b|gpqa,sft1p7b,gpqa,gpqa_recl1UtgTVKishAq4,50,0.63543,2.508454,-0.53033,0.1,0.1,0.2,0.0,0.0
sft1p7b|gpqa,sft1p7b,gpqa,gpqa_recmI7EiLv72PxmYK,48,0.53112,2.661599,-0.613977,0.0,0.1,0.0,0.1,0.1
sft1p7b|gpqa,sft1p7b,gpqa,gpqa_recmkvk6EFAmqyMxR,50,0.732461,2.529618,-0.555588,0.0,0.0,0.0,0.0,0.0
sft1p7b|gpqa,sft1p7b,gpqa,gpqa_recmwwQJnx7ll7bqL,24,0.481951,2.649928,-0.709066,0.5,0.7,0.8,0.5,0.3
sft1p7b|gpqa,sft1p7b,gpqa,gpqa_recn3NhOhqAPLda16,45,0.651758,2.546608,-0.616801,0.1,0.1,0.0,0.0,0.0
sft1p7b|gpqa,sft1p7b,gpqa,gpqa_recnGEpF1srQpaqWq,49,0.584861,2.51815,-0.772585,0.1,0.0,0.2,0.2,0.0
sft1p7b|gpqa,sft1p7b,gpqa,gpqa_recnTTKdBzfuoZ7w7,44,0.616943,2.54638,-0.480379,0.1,0.1,0.1,0.2,0.3
sft1p7b|gpqa,sft1p7b,gpqa,gpqa_recnawZPumSCLMVgp,42,0.650484,2.548148,-0.568071,0.3,0.3,0.2,0.1,0.2
sft1p7b|gpqa,sft1p7b,gpqa,gpqa_recnjViFrqlZNL3fY,50,0.584238,2.61865,-0.649863,0.0,0.0,0.1,0.0,0.0
sft1p7b|gpqa,sft1p7b,gpqa,gpqa_reco8WSc71p8zAv4q,50,0.606445,2.568375,-0.668895,0.3,0.1,0.3,0.1,0.0
sft1p7b|gpqa,sft1p7b,gpqa,gpqa_recoiTJPGUmzAkief,48,0.756734,2.573323,-0.56479,0.4,0.0,0.2,0.0,0.1
sft1p7b|gpqa,sft1p7b,gpqa,gpqa_recooG6bivTUJpDBz,9,0.602648,2.584673,-0.471939,0.555556,0.555556,0.222222,0.0,0.222222
sft1p7b|gpqa,sft1p7b,gpqa,gpqa_recoy9ZLBsc7HIRBy,48,0.491464,2.615237,-0.584856,0.0,0.0,0.0,0.0,0.0
sft1p7b|gpqa,sft1p7b,gpqa,gpqa_recpJmTOXx6T48nDJ,49,0.459343,2.654658,-0.562624,0.0,0.1,0.2,0.1,0.2
sft1p7b|gpqa,sft1p7b,gpqa,gpqa_recpki12iG9RUGrz9,49,0.679155,2.501804,-0.613796,0.2,0.0,0.3,0.3,0.1
sft1p7b|gpqa,sft1p7b,gpqa,gpqa_recqFDvYKKRmbnoUb,50,0.593258,2.609188,-0.667927,0.0,0.0,0.0,0.0,0.1
sft1p7b|gpqa,sft1p7b,gpqa,gpqa_recqGD3fxPCI59vPQ,49,0.662488,2.568519,-0.596596,0.0,0.0,0.0,0.0,0.0
sft1p7b|gpqa,sft1p7b,gpqa,gpqa_recqLRu4BcJvlSANc,11,0.75364,2.583941,-0.588014,0.9,1.0,0.8,0.9,1.0
sft1p7b|gpqa,sft1p7b,gpqa,gpqa_recr3VHM4zYf6dMFY,48,0.661967,2.535643,-0.512789,0.4,0.4,0.3,0.6,0.0
sft1p7b|gpqa,sft1p7b,gpqa,gpqa_recrHBEJJoDTV05JR,46,0.64417,2.566245,-0.482366,0.0,0.0,0.0,0.0,0.0
sft1p7b|gpqa,sft1p7b,gpqa,gpqa_recrNbtgTNoabJJi6,50,0.571934,2.573111,-0.627137,0.0,0.0,0.0,0.0,0.0
sft1p7b|gpqa,sft1p7b,gpqa,gpqa_recrs0kUo7Ua1xhKO,42,0.611212,2.602365,-0.554308,0.2,0.2,0.3,0.2,0.5
sft1p7b|gpqa,sft1p7b,gpqa,gpqa_recs3PLPUEMiqg4P8,48,0.554353,2.616723,-0.582218,0.1,0.0,0.3,0.1,0.0
sft1p7b|gpqa,sft1p7b,gpqa,gpqa_rect4iLrSfUwkNTno,48,0.476775,2.609019,-0.603877,0.0,0.0,0.0,0.0,0.0
sft1p7b|gpqa,sft1p7b,gpqa,gpqa_rectXfsCM1dj4Kv2c,50,0.554932,2.595704,-0.524668,0.1,0.1,0.0,0.0,0.0
sft1p7b|gpqa,sft1p7b,gpqa,gpqa_rectlyG9pCAAuWhoB,50,0.585352,2.566053,-0.611447,0.0,0.1,0.0,0.2,0.0
sft1p7b|gpqa,sft1p7b,gpqa,gpqa_recuYEkVjdVUwA3c0,9,0.627496,2.549773,-0.66497,0.888889,0.888889,1.0,0.888889,0.888889
sft1p7b|gpqa,sft1p7b,gpqa,gpqa_recuyeuT5rQ6qDt8F,50,0.526114,2.592861,-0.641313,0.0,0.0,0.0,0.0,0.0
sft1p7b|gpqa,sft1p7b,gpqa,gpqa_recv7GsQg3f0fvB1f,49,0.772341,2.520027,-0.586226,0.4,0.3,0.5,0.2,0.1
sft1p7b|gpqa,sft1p7b,gpqa,gpqa_recvZlMbpPz0yLDle,50,0.67046,2.526775,-0.549565,0.1,0.0,0.2,0.0,0.0
sft1p7b|gpqa,sft1p7b,gpqa,gpqa_recvlnu8BuLmXZhSX,50,0.588386,2.591081,-0.545116,0.0,0.0,0.0,0.0,0.0
sft1p7b|gpqa,sft1p7b,gpqa,gpqa_recw4rROcnHKNZhtK,34,0.724207,2.582269,-0.519195,0.6,0.6,0.6,0.7,0.2
sft1p7b|gpqa,sft1p7b,gpqa,gpqa_recwW1A85nfyQpReG,48,0.563404,2.541397,-0.698488,0.0,0.0,0.0,0.0,0.0
sft1p7b|gpqa,sft1p7b,gpqa,gpqa_recwlwlcPvXVNPmvl,50,0.417793,2.65206,-0.700336,0.4,0.7,0.6,0.6,0.1
sft1p7b|gpqa,sft1p7b,gpqa,gpqa_recxTy0x7M6T9ikc0,41,0.632908,2.571868,-0.509812,0.3,0.2,0.5,0.1,0.1
sft1p7b|gpqa,sft1p7b,gpqa,gpqa_recxsX66ktJ1Lwt4f,50,0.514519,2.588506,-0.65104,0.1,0.1,0.1,0.1,0.0
sft1p7b|gpqa,sft1p7b,gpqa,gpqa_recyPffUDqC2k7ZZO,49,0.528599,2.640974,-0.581283,0.2,0.3,0.0,0.4,0.6
sft1p7b|gpqa,sft1p7b,gpqa,gpqa_recyl3usDqb7ruXJx,50,0.694128,2.451024,-0.580189,0.1,0.0,0.1,0.0,0.0
sft1p7b|gpqa,sft1p7b,gpqa,gpqa_recypVp2NmPlBKVTp,16,0.755676,2.54054,-0.524473,0.7,0.5,0.5,0.5,0.4
sft1p7b|gpqa,sft1p7b,gpqa,gpqa_recyrk6XBVwugG5u8,50,0.692285,2.57652,-0.509226,0.0,0.0,0.1,0.0,0.0
sft1p7b|gpqa,sft1p7b,gpqa,gpqa_recywRj5a8EEjj2Ib,30,0.602799,2.613225,-0.570018,0.6,0.3,0.4,0.1,0.4
sft1p7b|gpqa,sft1p7b,gpqa,gpqa_recz3MfYHPRhsEQkW,50,0.580234,2.560657,-0.56097,0.2,0.0,0.1,0.0,0.1
sft1p7b|gpqa,sft1p7b,gpqa,gpqa_reczQ4I0VpENdMtIj,42,0.709682,2.581556,-0.658728,0.3,0.3,0.3,0.3,0.3
sft1p7b|gpqa,sft1p7b,gpqa,gpqa_reczUoM8JsxU6pYxr,50,0.701357,2.555484,-0.558257,0.0,0.0,0.0,0.0,0.0
sft1p7b|gpqa,sft1p7b,gpqa,gpqa_reczjcMtrB1YGS2fO,47,0.57719,2.617027,-0.646148,0.0,0.0,0.0,0.1,0.0
sft1p7b|gpqa,sft1p7b,gpqa,gpqa_reczkBiPPNrNN49Hp,50,0.560977,2.593638,-0.63918,0.0,0.0,0.0,0.0,0.0
sft1p7b|gpqa,sft1p7b,gpqa,gpqa_reczzzihL7btBH7RO,50,0.716914,2.558214,-0.583834,0.3,0.3,0.4,0.0,0.0
sft4b|cruxeval,sft4b,cruxeval,sample_0,9,0.487305,2.675324,-0.703466,0.222222,0.333333,0.222222,0.333333,0.076923
sft4b|cruxeval,sft4b,cruxeval,sample_100,5,0.397786,2.687691,-0.514166,0.8,0.6,0.8,0.6,0.75
sft4b|cruxeval,sft4b,cruxeval,sample_121,5,0.417969,2.675151,-0.662458,0.8,1.0,1.0,0.8,0.666667
sft4b|cruxeval,sft4b,cruxeval,sample_123,10,0.493945,2.652282,-1.059166,0.4,0.5,0.5,0.6,0.142857
sft4b|cruxeval,sft4b,cruxeval,sample_137,8,0.375977,2.697278,-0.807441,0.75,0.625,0.75,0.25,0.916667
sft4b|cruxeval,sft4b,cruxeval,sample_150,9,0.424219,2.657395,-0.985097,0.222222,0.666667,0.666667,0.222222,0.461538
sft4b|cruxeval,sft4b,cruxeval,sample_160,7,0.415114,2.733117,-0.66559,0.857143,0.428571,0.857143,0.285714,0.636364
sft4b|cruxeval,sft4b,cruxeval,sample_179,10,0.266992,2.748522,-1.056326,0.4,0.5,0.5,0.6,0.5
sft4b|cruxeval,sft4b,cruxeval,sample_18,5,0.414062,2.695751,-1.222572,1.0,0.6,0.4,0.8,0.833333
sft4b|cruxeval,sft4b,cruxeval,sample_186,7,0.527363,2.484411,-0.825859,1.0,0.857143,0.857143,1.0,0.75
sft4b|cruxeval,sft4b,cruxeval,sample_190,10,0.285352,2.823542,-0.79012,0.0,0.0,0.0,0.1,0.0
sft4b|cruxeval,sft4b,cruxeval,sample_192,5,0.448414,2.516465,-0.930441,0.6,0.6,1.0,0.8,0.888889
sft4b|cruxeval,sft4b,cruxeval,sample_195,10,0.379688,2.732826,-1.060151,0.3,0.1,0.1,0.0,0.0
sft4b|cruxeval,sft4b,cruxeval,sample_198,10,0.461523,2.706732,-1.020474,0.0,0.2,0.3,0.0,0.0
sft4b|cruxeval,sft4b,cruxeval,sample_207,10,0.457143,2.54491,-1.009302,0.4,0.0,0.2,0.2,0.2
sft4b|cruxeval,sft4b,cruxeval,sample_209,10,0.499076,2.452865,-1.061268,0.0,0.0,0.0,0.0,0.0
sft4b|cruxeval,sft4b,cruxeval,sample_21,5,0.351053,2.630761,-1.032709,0.0,0.4,0.0,0.2,0.111111
sft4b|cruxeval,sft4b,cruxeval,sample_22,10,0.511652,2.582385,-1.229609,0.5,0.3,0.5,0.2,0.0
sft4b|cruxeval,sft4b,cruxeval,sample_229,5,0.289062,2.716986,-1.0786,0.4,0.0,0.4,0.0,0.222222
sft4b|cruxeval,sft4b,cruxeval,sample_238,7,0.394558,2.543845,-0.833195,0.857143,1.0,0.857143,1.0,0.375
sft4b|cruxeval,sft4b,cruxeval,sample_239,10,0.431337,2.653337,-0.935496,0.0,0.1,0.1,0.0,0.0
sft4b|cruxeval,sft4b,cruxeval,sample_244,7,0.414833,2.700434,-0.761405,0.857143,0.571429,0.428571,1.0,0.454545
sft4b|cruxeval,sft4b,cruxeval,sample_247,10,0.498081,2.45061,-1.17468,0.8,0.7,0.6,1.0,0.214286
sft4b|cruxeval,sft4b,cruxeval,sample_249,9,0.374023,2.657774,-1.242396,0.0,0.333333,0.222222,0.222222,0.0
sft4b|cruxeval,sft4b,cruxeval,sample_25,10,0.491806,2.599683,-0.99081,0.1,0.1,0.0,0.0,0.0
sft4b|cruxeval,sft4b,cruxeval,sample_256,5,0.395117,2.662499,-0.670724,1.0,0.6,1.0,0.8,0.888889
sft4b|cruxeval,sft4b,cruxeval,sample_261,6,0.309967,2.788146,-0.681238,1.0,1.0,0.666667,1.0,0.625
sft4b|cruxeval,sft4b,cruxeval,sample_262,5,0.319888,2.641491,-0.918281,0.8,1.0,1.0,0.8,0.666667
sft4b|cruxeval,sft4b,cruxeval,sample_263,10,0.468482,2.428723,-1.135975,0.0,0.0,0.0,0.0,0.0
sft4b|cruxeval,sft4b,cruxeval,sample_275,10,0.421222,2.688316,-1.025111,0.0,0.0,0.0,0.0,0.0
sft4b|cruxeval,sft4b,cruxeval,sample_288,7,0.310742,2.717044,-0.742692,0.285714,0.142857,0.142857,0.0,0.0
sft4b|cruxeval,sft4b,cruxeval,sample_289,10,0.551132,2.525745,-1.491624,0.3,0.1,0.1,0.7,0.071429
sft4b|cruxeval,sft4b,cruxeval,sample_291,10,0.336808,2.594291,-1.236048,0.333333,0.444444,0.444444,0.555556,0.0
sft4b|cruxeval,sft4b,cruxeval,sample_294,10,0.311914,2.719321,-1.412091,0.0,0.1,0.0,0.1,0.0
sft4b|cruxeval,sft4b,cruxeval,sample_299,5,0.435051,2.585646,-0.876003,1.0,1.0,1.0,1.0,1.0
sft4b|cruxeval,sft4b,cruxeval,sample_30,10,0.462441,2.428636,-1.12228,0.2,0.1,0.0,0.1,0.0
sft4b|cruxeval,sft4b,cruxeval,sample_305,10,0.341992,2.756771,-0.916562,0.0,0.0,0.0,0.0,0.0
sft4b|cruxeval,sft4b,cruxeval,sample_308,7,0.428986,2.624039,-0.96068,0.0,0.142857,0.285714,0.0,0.125
sft4b|cruxeval,sft4b,cruxeval,sample_335,5,0.355469,2.730788,-0.738081,1.0,1.0,1.0,0.8,1.0
sft4b|cruxeval,sft4b,cruxeval,sample_344,5,0.399414,2.726892,-1.077287,1.0,0.5,0.5,0.75,0.0
sft4b|cruxeval,sft4b,cruxeval,sample_349,9,0.421875,2.690454,-1.033662,0.111111,0.111111,0.111111,0.0,0.153846
sft4b|cruxeval,sft4b,cruxeval,sample_352,6,0.367347,2.544853,-0.898288,1.0,1.0,1.0,1.0,0.6
sft4b|cruxeval,sft4b,cruxeval,sample_357,6,0.372807,2.680592,-0.988418,0.833333,0.833333,1.0,1.0,1.0
sft4b|cruxeval,sft4b,cruxeval,sample_367,5,0.416992,2.686049,-0.701312,0.8,0.6,0.8,1.0,0.833333
sft4b|cruxeval,sft4b,cruxeval,sample_368,6,0.324219,2.754405,-0.813708,0.166667,0.833333,0.333333,0.333333,0.2
sft4b|cruxeval,sft4b,cruxeval,sample_371,5,0.433203,2.680345,-0.757796,1.0,1.0,1.0,1.0,1.0
sft4b|cruxeval,sft4b,cruxeval,sample_384,10,0.441162,2.736401,-1.053404,0.9,0.9,0.9,1.0,1.0
sft4b|cruxeval,sft4b,cruxeval,sample_385,7,0.256641,2.752634,-0.974185,0.857143,0.857143,0.714286,0.857143,0.727273
sft4b|cruxeval,sft4b,cruxeval,sample_394,5,0.454102,2.686266,-0.874492,0.8,0.8,0.8,0.4,0.625
sft4b|cruxeval,sft4b,cruxeval,sample_398,10,0.423633,2.646383,-0.987018,0.1,0.1,0.1,0.0,0.0
sft4b|cruxeval,sft4b,cruxeval,sample_4,10,0.422334,2.667416,-1.069518,0.1,0.0,0.1,0.3,0.0
sft4b|cruxeval,sft4b,cruxeval,sample_414,8,0.512695,2.628842,-1.202809,0.75,0.5,0.5,0.5,0.0
sft4b|cruxeval,sft4b,cruxeval,sample_415,10,0.429297,2.721675,-0.952085,0.4,0.5,0.6,0.6,0.0
sft4b|cruxeval,sft4b,cruxeval,sample_418,10,0.417246,2.6494,-1.173377,0.0,0.0,0.1,0.0,0.0
sft4b|cruxeval,sft4b,cruxeval,sample_423,10,0.42832,2.652414,-1.134586,0.0,0.0,0.0,0.3,0.071429
sft4b|cruxeval,sft4b,cruxeval,sample_427,10,0.288867,2.705479,-1.2381,0.0,0.0,0.0,0.0,0.0
sft4b|cruxeval,sft4b,cruxeval,sample_430,5,0.409774,2.549718,-1.355252,1.0,0.8,1.0,0.6,1.0
sft4b|cruxeval,sft4b,cruxeval,sample_437,10,0.44082,2.686035,-1.201544,0.3,0.2,0.3,0.4,0.0
sft4b|cruxeval,sft4b,cruxeval,sample_44,10,0.407031,2.674097,-1.236512,0.0,0.0,0.0,0.0,0.0
sft4b|cruxeval,sft4b,cruxeval,sample_441,5,0.470731,2.614372,-0.743246,0.4,0.2,0.4,0.4,1.0
sft4b|cruxeval,sft4b,cruxeval,sample_451,6,0.427618,2.589114,-0.857498,1.0,1.0,1.0,1.0,1.0
sft4b|cruxeval,sft4b,cruxeval,sample_456,10,0.475977,2.471096,-1.102668,0.1,0.0,0.0,0.0,0.0
sft4b|cruxeval,sft4b,cruxeval,sample_462,9,0.352809,2.553058,-1.078364,0.666667,0.555556,0.777778,0.555556,1.0
sft4b|cruxeval,sft4b,cruxeval,sample_463,10,0.392253,2.67279,-0.952961,0.1,0.6,0.3,0.7,0.307692
sft4b|cruxeval,sft4b,cruxeval,sample_469,5,0.368815,2.701335,-0.785864,1.0,0.8,0.6,1.0,1.0
sft4b|cruxeval,sft4b,cruxeval,sample_473,10,0.486914,2.705285,-1.181257,0.1,0.0,0.0,0.0,0.0
sft4b|cruxeval,sft4b,cruxeval,sample_475,6,0.406359,2.397238,-0.915588,1.0,1.0,0.833333,0.833333,1.0
sft4b|cruxeval,sft4b,cruxeval,sample_48,10,0.500992,2.340565,-1.14618,0.0,0.0,0.0,0.0,0.0
sft4b|cruxeval,sft4b,cruxeval,sample_482,4,0.555664,2.724079,-0.57608,1.0,1.0,1.0,0.75,1.0
sft4b|cruxeval,sft4b,cruxeval,sample_492,5,0.37146,2.658918,-0.888092,1.0,1.0,1.0,1.0,1.0
sft4b|cruxeval,sft4b,cruxeval,sample_502,10,0.457671,2.376411,-1.026038,1.0,0.9,1.0,1.0,0.692308
sft4b|cruxeval,sft4b,cruxeval,sample_508,5,0.463387,2.692752,-0.721228,1.0,1.0,1.0,0.6,1.0
sft4b|cruxeval,sft4b,cruxeval,sample_517,10,0.318945,2.74947,-1.250117,0.2,0.2,0.1,0.1,0.071429
sft4b|cruxeval,sft4b,cruxeval,sample_524,10,0.34043,2.723835,-1.104276,0.0,0.0,0.1,0.1,0.0
sft4b|cruxeval,sft4b,cruxeval,sample_53,5,0.417188,2.662158,-0.792372,0.2,0.4,0.8,0.8,0.444444
sft4b|cruxeval,sft4b,cruxeval,sample_539,10,0.53418,2.671178,-1.322982,0.7,0.7,0.6,0.3,0.142857
sft4b|cruxeval,sft4b,cruxeval,sample_552,7,0.407031,2.668384,-0.991343,0.428571,0.285714,0.0,0.714286,0.181818
sft4b|cruxeval,sft4b,cruxeval,sample_555,10,0.463578,2.626407,-1.144991,0.2,0.2,0.1,0.0,0.0
sft4b|cruxeval,sft4b,cruxeval,sample_568,10,0.377148,2.61736,-1.105208,0.0,0.0,0.0,0.0,0.0
sft4b|cruxeval,sft4b,cruxeval,sample_575,5,0.518555,2.710111,-0.934719,1.0,1.0,0.8,0.6,0.0
sft4b|cruxeval,sft4b,cruxeval,sample_577,4,0.463379,2.72656,-0.852834,1.0,1.0,0.75,0.75,0.833333
sft4b|cruxeval,sft4b,cruxeval,sample_582,5,0.344681,2.364398,-0.970376,0.75,0.75,0.75,1.0,0.25
sft4b|cruxeval,sft4b,cruxeval,sample_584,10,0.457904,2.658187,-1.304917,0.1,0.0,0.1,0.0,0.285714
sft4b|cruxeval,sft4b,cruxeval,sample_587,10,0.433333,2.512711,-0.984951,0.3,0.4,0.6,0.5,0.454545
sft4b|cruxeval,sft4b,cruxeval,sample_59,10,0.477309,2.666216,-1.274269,0.8,1.0,1.0,1.0,0.928571
sft4b|cruxeval,sft4b,cruxeval,sample_591,10,0.374219,2.655805,-0.964146,0.0,0.0,0.0,0.1,0.0
sft4b|cruxeval,sft4b,cruxeval,sample_60,7,0.526344,2.527341,-0.966703,1.0,1.0,1.0,1.0,0.222222
sft4b|cruxeval,sft4b,cruxeval,sample_605,10,0.460238,2.46917,-1.1349,0.1,0.1,0.1,0.0,0.0
sft4b|cruxeval,sft4b,cruxeval,sample_608,9,0.449219,2.697734,-0.875471,0.333333,0.444444,0.666667,0.555556,0.0
sft4b|cruxeval,sft4b,cruxeval,sample_609,5,0.514648,2.668182,-0.726773,1.0,1.0,1.0,1.0,0.833333
sft4b|cruxeval,sft4b,cruxeval,sample_615,6,0.430664,2.696921,-0.838965,1.0,0.833333,0.833333,0.666667,0.555556
sft4b|cruxeval,sft4b,cruxeval,sample_617,6,0.515088,2.056432,-1.452238,0.666667,0.833333,0.833333,0.666667,1.0
sft4b|cruxeval,sft4b,cruxeval,sample_62,10,0.367165,2.570188,-0.955322,0.444444,0.444444,0.333333,0.666667,0.0
sft4b|cruxeval,sft4b,cruxeval,sample_625,5,0.393555,2.759547,-0.893277,0.8,1.0,0.8,0.8,0.5
sft4b|cruxeval,sft4b,cruxeval,sample_627,5,0.480713,2.683664,-0.732276,0.6,0.6,0.0,0.6,1.0
sft4b|cruxeval,sft4b,cruxeval,sample_63,10,0.444537,2.659974,-1.221964,1.0,0.9,0.9,0.9,1.0
sft4b|cruxeval,sft4b,cruxeval,sample_630,7,0.400879,2.732073,-0.933981,0.428571,0.714286,0.571429,0.428571,1.0
sft4b|cruxeval,sft4b,cruxeval,sample_632,10,0.431641,2.627129,-1.024841,0.3,0.2,0.3,0.2,0.071429
sft4b|cruxeval,sft4b,cruxeval,sample_634,5,0.401347,2.613368,-0.641955,1.0,1.0,0.6,1.0,1.0
sft4b|cruxeval,sft4b,cruxeval,sample_658,10,0.371404,2.597028,-1.208019,0.0,0.0,0.0,0.0,0.0
sft4b|cruxeval,sft4b,cruxeval,sample_660,9,0.418945,2.638789,-1.063719,0.111111,0.444444,0.111111,0.555556,0.307692
sft4b|cruxeval,sft4b,cruxeval,sample_662,4,0.416016,2.686157,-0.868172,1.0,0.75,0.75,0.75,1.0
sft4b|cruxeval,sft4b,cruxeval,sample_665,10,0.286315,2.759317,-0.983836,0.8,0.9,0.6,0.9,0.642857
sft4b|cruxeval,sft4b,cruxeval,sample_666,5,0.402832,2.626974,-0.754809,1.0,1.0,1.0,1.0,0.428571
sft4b|cruxeval,sft4b,cruxeval,sample_67,10,0.417271,2.447129,-1.7331,0.9,0.7,0.8,0.7,0.785714
sft4b|cruxeval,sft4b,cruxeval,sample_679,5,0.512695,2.701632,-0.8969,1.0,1.0,1.0,1.0,0.0
sft4b|cruxeval,sft4b,cruxeval,sample_685,9,0.363388,2.434228,-1.304636,1.0,1.0,1.0,1.0,0.428571
sft4b|cruxeval,sft4b,cruxeval,sample_686,10,0.438477,2.666657,-1.260504,0.0,0.0,0.0,0.0,0.272727
sft4b|cruxeval,sft4b,cruxeval,sample_701,10,0.420312,2.684916,-0.919744,0.4,0.5,0.6,0.2,0.142857
sft4b|cruxeval,sft4b,cruxeval,sample_707,5,0.368737,2.711914,-0.646917,0.8,1.0,0.8,1.0,1.0
sft4b|cruxeval,sft4b,cruxeval,sample_71,9,0.442871,2.696473,-1.019187,0.333333,0.444444,0.555556,0.444444,0.384615
sft4b|cruxeval,sft4b,cruxeval,sample_717,9,0.337305,2.691004,-0.996179,0.444444,0.333333,0.111111,0.222222,0.615385
sft4b|cruxeval,sft4b,cruxeval,sample_730,5,0.322754,2.778123,-0.851448,0.8,1.0,1.0,1.0,1.0
sft4b|cruxeval,sft4b,cruxeval,sample_734,8,0.386719,2.60991,-0.641275,0.875,0.875,0.75,0.75,0.8
sft4b|cruxeval,sft4b,cruxeval,sample_737,6,0.502686,2.658517,-0.816969,0.8,1.0,1.0,1.0,0.111111
sft4b|cruxeval,sft4b,cruxeval,sample_748,5,0.500977,2.652497,-0.558437,0.8,0.8,0.8,0.8,0.0
sft4b|cruxeval,sft4b,cruxeval,sample_749,10,0.525195,2.635484,-0.874679,0.1,0.0,0.0,0.0,0.0
sft4b|cruxeval,sft4b,cruxeval,sample_75,4,0.37207,2.820156,-1.359611,1.0,1.0,1.0,1.0,0.0
sft4b|cruxeval,sft4b,cruxeval,sample_761,5,0.410156,2.698577,-1.013077,1.0,1.0,1.0,0.8,0.4
sft4b|cruxeval,sft4b,cruxeval,sample_778,4,0.367284,2.64931,-0.767543,1.0,0.666667,0.666667,1.0,0.25
sft4b|cruxeval,sft4b,cruxeval,sample_780,5,0.350129,2.689968,-0.86188,1.0,0.8,0.8,1.0,0.333333
sft4b|cruxeval,sft4b,cruxeval,sample_784,10,0.556445,2.589841,-1.254647,0.4,0.1,0.4,0.2,0.0
sft4b|cruxeval,sft4b,cruxeval,sample_789,10,0.419078,2.475613,-1.113651,1.0,1.0,0.9,1.0,1.0
sft4b|cruxeval,sft4b,cruxeval,sample_79,5,0.440807,2.523742,-0.938507,1.0,0.6,0.6,1.0,0.875
sft4b|cruxeval,sft4b,cruxeval,sample_792,4,0.454102,2.793186,-0.972601,0.75,0.75,0.25,1.0,0.4
sft4b|cruxeval,sft4b,cruxeval,sample_799,5,0.353177,2.703443,-0.903079,0.4,1.0,0.8,1.0,0.888889
sft4b|cruxeval,sft4b,cruxeval,sample_83,5,0.422266,2.757234,-0.809655,1.0,0.8,1.0,0.8,0.0
sft4b|cruxeval,sft4b,cruxeval,sample_84,9,0.35606,2.668969,-0.941734,0.111111,0.222222,0.333333,0.222222,0.0
sft4b|cruxeval,sft4b,cruxeval,sample_85,6,0.42041,2.679142,-0.745349,1.0,0.833333,0.833333,1.0,0.5
sft4b|cruxeval,sft4b,cruxeval,sample_89,5,0.427403,2.508946,-0.831863,1.0,1.0,1.0,0.8,1.0
sft4b|cruxeval,sft4b,cruxeval,sample_91,5,0.396484,2.848227,-0.768038,0.5,0.75,1.0,1.0,0.8
sft4b|gsm8k,sft4b,gsm8k,gsm8k_100,9,0.432209,2.704571,-0.617995,0.0,0.0,0.0,0.0,0.0
sft4b|gsm8k,sft4b,gsm8k,gsm8k_102,1,0.558838,2.679701,-0.350146,0.0,0.0,0.0,0.0,0.0
sft4b|gsm8k,sft4b,gsm8k,gsm8k_103,1,0.314124,2.68403,-0.374816,1.0,1.0,1.0,1.0,0.0
sft4b|gsm8k,sft4b,gsm8k,gsm8k_106,1,0.448963,2.658734,-1.276902,0.0,0.0,0.0,0.0,0.0
sft4b|gsm8k,sft4b,gsm8k,gsm8k_108,2,0.307119,2.526104,-1.249101,1.0,0.5,0.5,0.0,0.0
sft4b|gsm8k,sft4b,gsm8k,gsm8k_109,10,0.398496,2.64261,-0.781471,0.6,0.3,0.5,0.5,0.0
sft4b|gsm8k,sft4b,gsm8k,gsm8k_114,1,0.471436,2.630929,-2.396937,1.0,1.0,1.0,0.0,0.0
sft4b|gsm8k,sft4b,gsm8k,gsm8k_115,3,0.375998,2.692753,-0.62669,0.0,0.0,0.0,0.0,0.0
sft4b|gsm8k,sft4b,gsm8k,gsm8k_116,1,0.405762,2.830631,-1.495503,0.0,0.0,0.0,0.0,1.0
sft4b|gsm8k,sft4b,gsm8k,gsm8k_119,10,0.354248,2.79885,-0.597441,0.0,0.0,0.0,0.0,0.0
sft4b|gsm8k,sft4b,gsm8k,gsm8k_12,7,0.516965,2.703278,-0.617729,0.0,0.285714,0.285714,0.0,0.0
sft4b|gsm8k,sft4b,gsm8k,gsm8k_128,2,0.190895,2.666103,-1.630336,0.5,1.0,0.0,0.0,0.0
sft4b|gsm8k,sft4b,gsm8k,gsm8k_129,2,0.280459,2.803999,-1.200004,0.0,0.0,0.0,0.0,0.0
sft4b|gsm8k,sft4b,gsm8k,gsm8k_13,2,0.25803,2.76759,-0.846319,1.0,1.0,1.0,1.0,1.0
sft4b|gsm8k,sft4b,gsm8k,gsm8k_137,10,0.243056,2.740663,-0.671943,0.4,0.1,0.1,0.1,0.0
sft4b|gsm8k,sft4b,gsm8k,gsm8k_14,6,0.270222,2.75059,-0.759461,0.666667,0.166667,0.666667,0.666667,0.0
sft4b|gsm8k,sft4b,gsm8k,gsm8k_140,10,0.197397,2.562099,-0.763069,0.2,0.5,0.4,0.1,1.0
sft4b|gsm8k,sft4b,gsm8k,gsm8k_141,3,0.273239,2.717341,-0.616359,0.666667,0.333333,0.0,1.0,0.0
sft4b|gsm8k,sft4b,gsm8k,gsm8k_147,10,0.398853,2.818085,-0.759643,0.0,0.0,0.1,0.0,0.0
sft4b|gsm8k,sft4b,gsm8k,gsm8k_15,1,0.372842,2.687149,-0.464375,0.0,0.0,1.0,0.0,0.0
sft4b|gsm8k,sft4b,gsm8k,gsm8k_150,1,0.335623,2.761619,-0.701202,0.0,0.0,0.0,0.0,0.0
sft4b|gsm8k,sft4b,gsm8k,gsm8k_151,7,0.270766,2.665759,-0.916017,0.142857,0.0,0.142857,0.0,0.0
sft4b|gsm8k,sft4b,gsm8k,gsm8k_152,10,0.258059,2.58362,-0.770666,0.2,0.2,0.0,0.2,0.0
sft4b|gsm8k,sft4b,gsm8k,gsm8k_157,1,0.436279,2.840422,-1.127349,1.0,0.0,0.0,1.0,1.0
sft4b|gsm8k,sft4b,gsm8k,gsm8k_159,10,0.545353,2.713205,-0.632453,0.5,0.0,0.3,0.3,0.1
sft4b|gsm8k,sft4b,gsm8k,gsm8k_162,3,0.407566,2.71635,-0.381996,0.666667,1.0,0.666667,0.0,0.0
sft4b|gsm8k,sft4b,gsm8k,gsm8k_17,1,0.210594,2.698644,-1.823926,0.0,0.0,1.0,0.0,0.0
sft4b|gsm8k,sft4b,gsm8k,gsm8k_172,3,0.231172,2.715814,-0.61059,0.333333,0.0,0.666667,0.0,0.0
sft4b|gsm8k,sft4b,gsm8k,gsm8k_175,2,0.330782,2.677588,-0.808689,0.0,0.5,1.0,0.0,0.0
sft4b|gsm8k,sft4b,gsm8k,gsm8k_182,1,0.468018,2.706856,-0.918413,0.0,0.0,1.0,0.0,1.0
sft4b|gsm8k,sft4b,gsm8k,gsm8k_184,10,0.373969,2.708444,-0.735774,0.0,0.0,0.0,0.0,0.0
sft4b|gsm8k,sft4b,gsm8k,gsm8k_187,10,0.480363,2.677316,-0.708365,0.0,0.0,0.0,0.1,0.2
sft4b|gsm8k,sft4b,gsm8k,gsm8k_191,1,0.25,2.506591,-1.107889,0.0,1.0,0.0,1.0,0.0
sft4b|gsm8k,sft4b,gsm8k,gsm8k_195,10,0.236912,2.628017,-0.808964,0.1,0.0,0.0,0.0,0.0
sft4b|gsm8k,sft4b,gsm8k,gsm8k_2,1,0.329433,2.810788,-0.654035,1.0,0.0,0.0,1.0,0.0
sft4b|gsm8k,sft4b,gsm8k,gsm8k_24,8,0.205123,2.728621,-0.664871,0.875,0.875,0.875,0.875,0.0
sft4b|gsm8k,sft4b,gsm8k,gsm8k_26,1,0.146752,2.856977,-0.834209,0.0,1.0,1.0,1.0,0.0
sft4b|gsm8k,sft4b,gsm8k,gsm8k_27,5,0.308356,2.593876,-0.819024,0.6,0.2,0.0,0.0,0.0
sft4b|gsm8k,sft4b,gsm8k,gsm8k_36,10,0.269674,2.598407,-0.756546,0.7,0.9,0.4,0.8,0.0
sft4b|gsm8k,sft4b,gsm8k,gsm8k_44,6,0.373497,2.656013,-0.831938,0.333333,0.166667,0.333333,0.333333,1.0
sft4b|gsm8k,sft4b,gsm8k,gsm8k_45,2,0.541382,2.66902,-0.846738,0.0,0.0,0.0,0.0,0.0
sft4b|gsm8k,sft4b,gsm8k,gsm8k_57,1,0.25104,2.755867,-0.752621,1.0,1.0,1.0,1.0,0.0
sft4b|gsm8k,sft4b,gsm8k,gsm8k_58,10,0.373607,2.72032,-0.597252,0.2,0.4,0.0,0.2,0.0
sft4b|gsm8k,sft4b,gsm8k,gsm8k_60,1,0.427498,2.688612,-0.972376,1.0,1.0,1.0,1.0,0.0
sft4b|gsm8k,sft4b,gsm8k,gsm8k_62,10,0.456128,2.7746,-0.67236,0.1,0.0,0.0,0.0,0.0
sft4b|gsm8k,sft4b,gsm8k,gsm8k_63,1,0.18633,2.912874,-0.783056,0.0,0.0,0.0,1.0,0.0
sft4b|gsm8k,sft4b,gsm8k,gsm8k_66,2,0.358122,2.670467,-0.669237,0.0,0.0,0.0,0.0,0.0
sft4b|gsm8k,sft4b,gsm8k,gsm8k_7,1,0.463867,2.757155,-0.544917,1.0,0.0,1.0,0.0,0.0
sft4b|gsm8k,sft4b,gsm8k,gsm8k_70,2,0.354301,2.813052,-0.986405,0.5,0.0,0.0,0.0,0.0
sft4b|gsm8k,sft4b,gsm8k,gsm8k_72,1,0.192737,2.639505,-0.752322,1.0,1.0,0.0,0.0,0.0
sft4b|gsm8k,sft4b,gsm8k,gsm8k_75,5,0.350463,2.726655,-0.531301,0.0,0.2,0.2,0.2,0.0
sft4b|gsm8k,sft4b,gsm8k,gsm8k_78,3,0.324922,2.727977,-0.709598,0.0,0.666667,0.333333,0.666667,0.0
sft4b|gsm8k,sft4b,gsm8k,gsm8k_79,1,0.28866,2.532844,-0.325006,1.0,1.0,0.0,0.0,1.0
sft4b|gsm8k,sft4b,gsm8k,gsm8k_86,1,0.529053,2.717804,-0.998782,0.0,0.0,0.0,0.0,0.0
sft4b|gsm8k,sft4b,gsm8k,gsm8k_87,5,0.456955,2.751394,-0.752273,0.4,0.0,0.0,0.4,0.0
sft4b|gsm8k,sft4b,gsm8k,gsm8k_89,3,0.446409,2.754158,-0.900377,0.333333,0.0,0.0,0.0,0.0
sft4b|gsm8k,sft4b,gsm8k,gsm8k_9,1,0.273973,2.644474,-0.725306,0.0,0.0,0.0,0.0,0.0
sft4b|gsm8k,sft4b,gsm8k,gsm8k_93,8,0.427399,2.740561,-0.862569,0.25,0.0,0.125,0.25,0.0
sft4b|gsm8k,sft4b,gsm8k,gsm8k_98,1,0.412263,2.76667,-1.109933,1.0,1.0,1.0,1.0,0.0
